id,Model,weight,sources,perturbation,phenotype,expected_exists
1,M06,1.0,IL25_e=0; IL29_e=0; IL36_e=0; IL33_e=0; IL1_e=0; IFNA_e=0; APC=0; IL15_e=0; IL21_e=0; IFNG_e=0; IL10_e=0; IL23_e=0; IL27_e=0; IL2_e=0; IL4_e=0; IL6_e=0; TGFB_e=0; DLL1=0; IL7_e=0,,TBET=0; IFNG=0; GATA3=0; IL4=0,true
2,M06,1.0,APC=0; IL25_e=0; IL29_e=0; IL36_e=0; IL33_e=0; IL1_e=0; IFNA_e=0; IL7_e=0; DLL1=0; IL15_e=0; IL21_e=0;  IFNG_e=0; IL10_e=0; IL6_e=0; TGFB_e=0; IL4_e=0; IL23_e=0; IL27_e=0,IFNG=1,TBET=1; GATA3=0; IL4=0,true
3,M06,1.0,IL12_e=1; IL18_e=1; IFNB_e=0; IL25_e=0; IL29_e=0; IL36_e=0; IL33_e=0; IL1_e=0; IFNA_e=0; APC=0; IL15_e=0; IL21_e=0; IFNG_e=0; IL10_e=0; IL23_e=0; IL27_e=0; IL2_e=0; IL4_e=0; IL6_e=0; TGFB_e=0; DLL1=0; IL7_e=0,IFNG=1,IFNG_2=1,true
4,M06,1.0,IL25_e=0; IL29_e=0; IL36_e=0; IL33_e=0; IL1_e=0; IFNA_e=0; APC=0; IL15_e=0; IL21_e=0; IFNG_e=0; IL10_e=0; IL23_e=0; IL27_e=0; IL2_e=0; IL4_e=0; IL6_e=0; TGFB_e=0; DLL1=0; IL7_e=0,IL4=1,TBET=0; IFNG=0; GATA3=1,true
5,M06,1.0,IL25_e=0; IL29_e=0; IL36_e=0; IL33_e=0; IL1_e=0; IFNA_e=0; APC=0; IL15_e=0; IL21_e=0; IFNG_e=0; IL10_e=0; IL23_e=0; IL27_e=0; IL2_e=0; IL4_e=0; IL6_e=0; TGFB_e=0; DLL1=0; IL7_e=0,,IFNGR_2=1,false
6,M06,1.0,IL12_e=1; IL25_e=0; IL29_e=0; IL36_e=0; IL33_e=0; IL1_e=0; IFNA_e=0; APC=0; IL15_e=0; IL21_e=0; IFNG_e=0; IL10_e=0; IL23_e=0; IL27_e=0; IL2_e=0; IL4_e=0; IL6_e=0; TGFB_e=0; DLL1=0; IL7_e=0,,TBET=0; IFNG=0; GATA3=0; IL4=0,false
7,MX,1.0,IL12_e=0; IL18_e=0; IL25_e=0; IL29_e=0; IL36_e=0; IL33_e=0; IL1_e=0; IFNA_e=0; IL7_e=0; DLL1=0; IL15_e=0; IL21_e=0;  IFNG_e=0; IL10_e=0; IL23_e=0; IL2_e=0; IL4_e=0; IL6_e=0; TGFB_e=0; APC=0; IL27_e=0,TCR=0,TBET=0; IFNG=0; GATA3=0; IL4=0,true 
8,MX,1.0,IL12_e=0; IL18_e=0; IL25_e=0; IL29_e=0; IL36_e=0; IL33_e=0; IL1_e=0; IFNA_e=0; IL7_e=0; DLL1=0; IL15_e=0; IL21_e=0;  IFNG_e=0; IL10_e=0; IL23_e=0; IL2_e=0; IL4_e=0; IL6_e=0; TGFB_e=0; APC=0; IL27_e=0,TCR=0,TBET=1; IFNG=1; GATA3=0; IL4=0,true
9,MX,1.0,IL12_e=0; IL18_e=0; IL25_e=0; IL29_e=0; IL36_e=0; IL33_e=0; IL1_e=0; IFNA_e=0; IL7_e=0; DLL1=0; IL15_e=0; IL21_e=0;  IFNG_e=0; IL10_e=0; IL23_e=0; IL2_e=0; IL4_e=0; IL6_e=0; TGFB_e=0; APC=0; IL27_e=0,TCR=0,TBET=0; IFNG=0; GATA3=1; IL4=1,true
10,N10,1.0,IL25_e=0; IL29_e=0; IL36_e=0; IL33_e=0; IL1_e=0; IFNA_e=0; IL7_e=0; DLL1=0; IL18_e=0,,TBET=0; IFNG=0; GATA3=0; IL4=0; FOXP3=0; TGFB=0; RORGT=0; IL17=0,true
11,N10,1.0,IL25_e=0; IL29_e=0; IL36_e=0; IL33_e=0; IL1_e=0; IFNA_e=0; IL7_e=0; DLL1=0; IL18_e=0,,NFAT=0; TBET=1; IFNG=0; GATA3=0; IL4=0; FOXP3=0; TGFB=0; RORGT=0; IL17=0,true
12,N10,1.0,IL36_e=0; IL33_e=0; IL1_e=0; IFNA_e=0; IL25_e=0; IL29_e=0; IL7_e=0; DLL1=0; IL18_e=0,,TBET=1; IFNG=1; GATA3=0; IL4=0; FOXP3=0; TGFB=0; RORGT=0; IL17=0,true
13,N10,1.0,IL25_e=0; IL29_e=0; IL36_e=0; IL33_e=0; IL1_e=0; IFNA_e=0; IL7_e=0; DLL1=0; IL18_e=0,,NFAT=1; TBET=1; IFNG=0; GATA3=0; IL4=0; FOXP3=0; TGFB=0; RORGT=0; IL17=0,true
14,N10,1.0,IL25_e=0; IL29_e=0; IL36_e=0; IL33_e=0; IL1_e=0; IFNA_e=0; IL7_e=0; DLL1=0; IL18_e=0,,NFAT=0; TBET=0; IFNG=0; GATA3=1; IL4=0; FOXP3=0; TGFB=0; RORGT=0; IL17=0,true
15,N10,1.0,IL25_e=0; IL29_e=0; IL36_e=0; IL33_e=0; IL1_e=0; IFNA_e=0; IL7_e=0; DLL1=0; IL18_e=0,,TBET=0; IFNG=0; GATA3=1; IL4=1; FOXP3=0; TGFB=0; RORGT=0; IL17=0,true
16,N10,1.0,IL25_e=0; IL29_e=0; IL36_e=0; IL33_e=0; IL1_e=0; IFNA_e=0; IL7_e=0; DLL1=0; IL18_e=0,,NFAT=1; TBET=0; IFNG=0; GATA3=1; IL4=0; FOXP3=0; TGFB=0; RORGT=0; IL17=0,true
17,N10,1.0,IL25_e=0; IL29_e=0; IL36_e=0; IL33_e=0; IL1_e=0; IFNA_e=0; IL7_e=0; DLL1=0; IL18_e=0,,TBET=0; IFNG=0; GATA3=0; IL4=0; FOXP3=1; TGFB=1; RORGT=0; IL17=0,true
18,N10,1.0,IL25_e=0; IL29_e=0; IL36_e=0; IL33_e=0; IL1_e=0; IFNA_e=0; IL7_e=0; DLL1=0; IL18_e=0,,TBET=0; IFNG=0; GATA3=0; IL4=0; FOXP3=0; TGFB=0; RORGT=1; IL17=0,true
19,N10,1.0,IL25_e=0; IL29_e=0; IL36_e=0; IL33_e=0; IL1_e=0; IFNA_e=0; IL7_e=0; DLL1=0; IL18_e=0,,TBET=1; IFNG=0; GATA3=0; IL4=0; FOXP3=0; TGFB=0; RORGT=1; IL17=1,true
20,N10,1.0,IL25_e=0; IL29_e=0; IL36_e=0; IL33_e=0; IL1_e=0; IFNA_e=0; IL7_e=0; DLL1=0; IL18_e=0,,TBET=0; IFNG=0; GATA3=1; FOXP3=0; TGFB=0; RORGT=1; IL17=0,true
21,N10,1.0,IL25_e=0; IL29_e=0; IL36_e=0; IL33_e=0; IL1_e=0; IFNA_e=0; IL7_e=0; DLL1=0; IL18_e=0,,TBET=1; IFNG=0; GATA3=0; IL4=0; FOXP3=1; TGFB=1; RORGT=0; IL17=0,true
22,N10,1.0,IL25_e=0; IL29_e=0; IL36_e=0; IL33_e=0; IL1_e=0; IFNA_e=0; IL7_e=0; DLL1=0; IL18_e=0,,TBET=0; IFNG=0; GATA3=0; IL4=0; FOXP3=1; TGFB=1; RORGT=1; IL17=0,true
23,N10,1.0,APC=0; IFNB_e=0; IFNG_e=0; IL2_e=0; IL4_e=0;  IL6_e=0; IL10_e=0; IL12_e=0; IL15_e=0; IL21_e=0; IL23_e=0; IL27_e=0; TGFB_e=0; IL25_e=0; IL29_e=0; IL36_e=0; IL33_e=0; IL1_e=0; IFNA_e=0; IL7_e=0; DLL1=0; IL18_e=0,,TBET=0; IFNG=0; GATA3=0; IL4=0; FOXP3=0; TGFB=0; RORGT=0; IL17=0,true
24,N10,1.0,APC=0; IFNB_e=0; IFNG_e=0; IL2_e=0; IL4_e=0;  IL6_e=0; IL10_e=0; IL12_e=0; IL15_e=0; IL21_e=0; IL23_e=0; IL27_e=0; TGFB_e=0; IL25_e=0; IL29_e=0; IL36_e=0; IL33_e=0; IL1_e=0; IFNA_e=0; IL7_e=0; DLL1=0; IL18_e=0,,NFAT=0; TBET=1; IFNG=0; GATA3=0; IL4=0; FOXP3=0; TGFB=0; RORGT=0; IL17=0,true
25,N10,1.0,APC=0; IFNB_e=0; IFNG_e=0; IL2_e=0; IL4_e=0;  IL6_e=0; IL10_e=0; IL12_e=0; IL15_e=0; IL21_e=0; IL23_e=0; IL27_e=0; TGFB_e=0; IL25_e=0; IL29_e=0; IL36_e=0; IL33_e=0; IL1_e=0; IFNA_e=0; IL7_e=0; DLL1=0; IL18_e=0,,NFAT=0; TBET=0; IFNG=0; GATA3=1; IL4=0; FOXP3=0; TGFB=0; RORGT=0; IL17=0,true
26,N10,1.0,APC=0; IFNB_e=0; IFNG_e=0; IL2_e=0; IL4_e=0;  IL6_e=0; IL10_e=0; IL12_e=0; IL15_e=0; IL21_e=0; IL23_e=0; IL27_e=0; TGFB_e=0; IL36_e=0; IL33_e=0; IL25_e=0; IL29_e=0; IL1_e=0; IFNA_e=0; IL18_e=0,,FOXP3=1,false
27,N10,1.0,APC=0; IFNB_e=0; IFNG_e=0; IL2_e=0; IL4_e=0;  IL6_e=0; IL10_e=0; IL12_e=0; IL15_e=0; IL21_e=0; IL23_e=0; IL27_e=0; TGFB_e=0; IL25_e=0; IL29_e=0; IL36_e=0; IL33_e=0; IL1_e=0; IFNA_e=0; IL7_e=0; DLL1=0; IL18_e=0,,RORGT=1,false
28,N10,1.0,APC=0; IFNB_e=0; IFNG_e=0; IL2_e=0; IL4_e=0;  IL6_e=0; IL10_e=0; IL12_e=0; IL15_e=0; IL21_e=0; IL23_e=0; IL27_e=0; TGFB_e=0; IL25_e=0; IL29_e=0; IL36_e=0; IL33_e=0; IL1_e=0; IFNA_e=0; IL7_e=0; DLL1=0; IL18_e=0,,NFAT=1,false
29,MSM,1.0,DLL1=0; IFNB_e=0; IL12_e=0; IL18_e=0; IL2_e=0; IL23_e=0; IL27_e=0; IL7_e=0; IL25_e=0; IL29_e=0; IL36_e=0; IL33_e=0; IL1_e=0; IFNA_e=0; IL15_e=0; IL21_e=0;  IFNG_e=0; IL10_e=0; IL4_e=0; IL6_e=0; TGFB_e=0; APC=0,TCR=0,TBET=0; IFNG=0; GATA3=0; IL4=0; FOXP3=0; TGFB=0; RORGT=0; IL17=0; CD4=1; CD8=1; THPOK=0; RUNX3=0; GZMB=0,true
30,MSM,1.0,DLL1=0; IFNB_e=0; IL12_e=0; IL18_e=0; IL2_e=0; IL23_e=0; IL27_e=0; IL7_e=0; IL25_e=0; IL29_e=0; IL36_e=0; IL33_e=0; IL1_e=0; IFNA_e=0; IL15_e=0; IL21_e=0;  IFNG_e=0; IL10_e=0; IL4_e=0; IL6_e=0; TGFB_e=0; APC=0,TCR=0,TBET=0; IFNG=0; GATA3=0; IL4=0; FOXP3=0; TGFB=0; RORGT=0; IL17=0; CD4=0; CD8=0; THPOK=0; RUNX3=0; GZMB=0,true
31,MSM,1.0,DLL1=0; IFNB_e=0; IL12_e=0; IL18_e=0; IL2_e=0; IL23_e=0; IL27_e=0; IL7_e=0; IL25_e=0; IL29_e=0; IL36_e=0; IL33_e=0; IL1_e=0; IFNA_e=0; IL15_e=0; IL21_e=0;  IFNG_e=0; IL10_e=0; IL4_e=0; IL6_e=0; TGFB_e=0; APC=0,TCR=0,TBET=0; IFNG=0; GATA3=0; IL4=0; FOXP3=0; TGFB=0; RORGT=0; IL17=0; CD4=1; CD8=0; THPOK=1; RUNX3=0; GZMB=0,true
32,MSM,1.0,DLL1=0; IFNB_e=0; IL12_e=0; IL18_e=0; IL2_e=0; IL23_e=0; IL27_e=0; IL7_e=0; IL25_e=0; IL29_e=0; IL36_e=0; IL33_e=0; IL1_e=0; IFNA_e=0; IL15_e=0; IL21_e=0;  IFNG_e=0; IL10_e=0; IL4_e=0; IL6_e=0; TGFB_e=0; APC=0,TCR=0,TBET=1; IFNG=1; GATA3=0; IL4=0; FOXP3=0; TGFB=0; RORGT=0; IL17=0; CD4=1; CD8=0; THPOK=1; RUNX3=0; GZMB=0,true
33,MSM,1.0,DLL1=0; IFNB_e=0; IL12_e=0; IL18_e=0; IL2_e=0; IL23_e=0; IL27_e=0; IL7_e=0; IL25_e=0; IL29_e=0; IL36_e=0; IL33_e=0; IL1_e=0; IFNA_e=0; IL15_e=0; IL21_e=0;  IFNG_e=0; IL10_e=0; IL4_e=0; IL6_e=0; TGFB_e=0; APC=0,TCR=0,TBET=0; IFNG=0; GATA3=1; IL4=1; FOXP3=0; TGFB=0; RORGT=0; IL17=0; CD4=1; CD8=0; THPOK=1; RUNX3=0; GZMB=0,true
34,MSM,1.0,DLL1=0; IFNB_e=0; IL12_e=0; IL18_e=0; IL2_e=0; IL23_e=0; IL27_e=0; IL7_e=0; IL25_e=0; IL29_e=0; IL36_e=0; IL33_e=0; IL1_e=0; IFNA_e=0; IL15_e=0; IL21_e=0;  IFNG_e=0; IL10_e=0; IL4_e=0; IL6_e=0; TGFB_e=0; APC=0,TCR=0,TBET=0; IFNG=0; GATA3=0; IL4=0; FOXP3=1; TGFB=1; RORGT=0; IL17=0; CD4=1; CD8=0; THPOK=1; RUNX3=0; GZMB=0,true
35,MSM,1.0,DLL1=0; IFNB_e=0; IL12_e=0; IL18_e=0; IL2_e=0; IL23_e=0; IL27_e=0; IL7_e=0; IL25_e=0; IL29_e=0; IL36_e=0; IL33_e=0; IL1_e=0; IFNA_e=0; IL15_e=0; IL21_e=0;  IFNG_e=0; IL10_e=0; IL4_e=0; IL6_e=0; TGFB_e=0; APC=0,TCR=0,TBET=0; IFNG=0; GATA3=0; IL4=0; FOXP3=0; TGFB=0; RORGT=1; IL17=1; CD4=1; CD8=0; THPOK=1; RUNX3=0; GZMB=0,true
36,MSM,1.0,DLL1=0; IFNB_e=0; IL12_e=0; IL18_e=0; IL2_e=0; IL23_e=0; IL27_e=0; IL7_e=0; IL25_e=0; IL29_e=0; IL36_e=0; IL33_e=0; IL1_e=0; IFNA_e=0; IL15_e=0; IL21_e=0;  IFNG_e=0; IL10_e=0; IL4_e=0; IL6_e=0; TGFB_e=0; APC=0,TCR=0,TBET=0; IFNG=0; GATA3=0; IL4=0; FOXP3=0; TGFB=0; RORGT=0; IL17=0; CD4=0; CD8=1; THPOK=0; RUNX3=1; GZMB=0,true
37,MSM,1.0,DLL1=0; IFNB_e=0; IL12_e=0; IL18_e=0; IL2_e=0; IL23_e=0; IL27_e=0; IL7_e=0; IL25_e=0; IL29_e=0; IL36_e=0; IL33_e=0; IL1_e=0; IFNA_e=0; IL15_e=0; IL21_e=0;  IFNG_e=0; IL10_e=0; IL4_e=0; IL6_e=0; TGFB_e=0; APC=0,TCR=0,TBET=0; IFNG=1; GATA3=0; IL4=0; FOXP3=0; TGFB=0; RORGT=0; IL17=0; CD4=0; CD8=1; THPOK=0; RUNX3=1; GZMB=1,true
38,AJ,1.0,IL7_e=0; DLL1=0,,TBET=0; IFNG=0; GATA3=0; IL4=0; FOXP3=0; TGFB=0; RORGT=0; IL17=0; BCL6=0; PU1=0; STAT3=0; IL5=0; IL9=0; IL13=0; IL21=0; IL22=0,true
39,AJ,1.0,IL7_e=0; DLL1=0,,TBET=1; IFNG=1; GATA3=0; IL4=0; FOXP3=0; TGFB=0; RORGT=0; IL17=0; BCL6=0,true
40,AJ,1.0,IL7_e=0; DLL1=0,,TBET=0; IFNG=0; GATA3=1; IL4=1; FOXP3=0; TGFB=0; RORGT=0; IL17=0; BCL6=0; IL5=1; IL13=1,true
41,AJ,1.0,IL7_e=0; DLL1=0,,TBET=0; IFNG=0; GATA3=0; IL4=0; FOXP3=1; TGFB=1; RORGT=0; IL17=0; BCL6=0,true
42,AJ,1.0,IL7_e=0; DLL1=0,,TBET=0; IFNG=0; GATA3=0; IL4=0; FOXP3=0; TGFB=0; RORGT=1; IL17=1; BCL6=0,true 
43,AJ,1.0,IL7_e=0; DLL1=0,,TBET=0; GATA3=0; IL4=0; FOXP3=0; RORGT=0; IL17=0; BCL6=1; IL21=1,true
44,AJ,1.0,IL7_e=0; DLL1=0,,TBET=0; IFNG=0; GATA3=0; IL4=0; FOXP3=0; RORGT=0; IL17=0; BCL6=0; PU1=1; IL9=1,true
45,AJ,1.0,IL7_e=0; DLL1=0,,TBET=0; IFNG=0; GATA3=0; IL4=0; FOXP3=0; RORGT=0; IL17=0; BCL6=0; STAT3=1; IL22=1,true
46,MS15,1.0,TGFB_e=0; IFNG_e=0; IL2_e=0; IL4_e=0; IL10_e=0; IL21_e=0; APC=1; IL36_e=0; IL33_e=0; IL1_e=0; IFNA_e=0; IL7_e=0; DLL1=0; IL15_e=0; IL25_e=0; IL29_e=0; IL18_e=0; IFNB_e=0; IL23_e=0; IL27_e=0; IL6_e=0,TCR=1,TBET=0; GATA3=0; FOXP3=0; RORGT=0; BCL6=0; IL9=0,true
47,MS15,1.0,TGFB_e=0; IFNG_e=1; IL2_e=0; IL4_e=0; IL10_e=0; IL21_e=0; APC=1; IL36_e=0; IL33_e=0; IL1_e=0; IFNA_e=0; IL7_e=0; DLL1=0; IL15_e=0; IL25_e=0; IL29_e=0; IL18_e=0; IFNB_e=0; IL23_e=0; IL27_e=0; IL6_e=0,TCR=1,TBET=1; IFNG=1; GATA3=0; IL4=0; FOXP3=0; RORGT=0; BCL6=0; IL9=0,true
48,MS15,1.0,TGFB_e=0; IFNG_e=0; IL2_e=1; IL4_e=1; IL10_e=0; IL21_e=0; APC=1; IL36_e=0; IL33_e=0; IL1_e=0; IFNA_e=0; IL7_e=0; DLL1=0; IL15_e=0; IL25_e=0; IL29_e=0; IL18_e=0; IFNB_e=0; IL23_e=0; IL27_e=0; IL6_e=0,TCR=1,TBET=0; IFNG=0; GATA3=1; IL4=1; FOXP3=0; RORGT=0; BCL6=0; IL9=0,true
49,MS15,1.0,TGFB_e=1; IFNG_e=0; IL2_e=1; IL4_e=0; IL10_e=0; IL21_e=0; APC=1; IL36_e=0; IL33_e=0; IL1_e=0; IFNA_e=0; IL7_e=0; DLL1=0; IL15_e=0; IL25_e=0; IL29_e=0; IL18_e=0; IFNB_e=0; IL23_e=0; IL27_e=0; IL6_e=0,TCR=1,TBET=0; IFNG=0; GATA3=0; IL4=0; FOXP3=1; RORGT=0; BCL6=0; IL9=0,true
50,MS15,1.0,TGFB_e=1; IFNG_e=0; IL2_e=0; IL4_e=0; IL10_e=0; IL21_e=1; ; APC=1; IL36_e=0; IL33_e=0; IL1_e=0; IFNA_e=0; IL7_e=0; DLL1=0; IL15_e=0; IL25_e=0; IL29_e=0; IL18_e=0; IFNB_e=0; IL23_e=0; IL27_e=0; IL6_e=0,TCR=1,TBET=0; IFNG=0; GATA3=0; IL4=0; FOXP3=0; RORGT=1; IL21=1; BCL6=0; IL9=0,true
51,MS15,1.0,TGFB_e=0; IFNG_e=0; IL2_e=0; IL4_e=0; IL10_e=0; IL21_e=1; APC=1; IL36_e=0; IL33_e=0; IL1_e=0; IFNA_e=0; IL7_e=0; DLL1=0; IL15_e=0; IL25_e=0; IL29_e=0; IL18_e=0; IFNB_e=0; IL23_e=0; IL27_e=0; IL6_e=0,TCR=1,TBET=0; IFNG=0; GATA3=0; IL4=0; FOXP3=0; RORGT=0; IL21=1; BCL6=1; IL9=0,true
52,MS15,1.0,TGFB_e=1; IFNG_e=0; IL2_e=0; IL4_e=1; IL10_e=0; IL21_e=0; ; APC=1; IL36_e=0; IL33_e=0; IL1_e=0; IFNA_e=0; IL7_e=0; DLL1=0; IL15_e=0; IL25_e=0; IL29_e=0; IL18_e=0; IFNB_e=0; IL23_e=0; IL27_e=0; IL6_e=0,TCR=1,IL9=1,true
53,MS15,1.0,TGFB_e=1; IFNG_e=0; IL2_e=0; IL4_e=0; IL10_e=0; IL21_e=1; APC=1; IL25_e=0; IL29_e=0; IL36_e=0; IL33_e=0; IL1_e=0; IFNA_e=0; IL15_e=0; IL18_e=0; IFNB_e=0; IL23_e=0; IL27_e=0; IL6_e=0,TCR=1,TBET=0; GATA3=0; FOXP3=0; RORGT=0; BCL6=0; IL9=0,false
54,MS15,1.0,TGFB_e=1; IFNG_e=0; IL2_e=0; IL4_e=0; IL10_e=0; IL21_e=1; APC=1; IL36_e=0; IL33_e=0; IL1_e=0; IFNA_e=0; IL7_e=0; DLL1=0; IL15_e=0; IL25_e=0; IL29_e=0; IL18_e=0; IFNB_e=0; IL23_e=0; IL27_e=0; IL6_e=0,TCR=1,TBET=1; IFNG=1; GATA3=0; IL4=0; FOXP3=0; RORGT=0; BCL6=0; IL9=0,false
55,MS15,1.0,TGFB_e=1; IFNG_e=0; IL2_e=0; IL4_e=0; IL10_e=0; IL21_e=1; APC=1; IL36_e=0; IL33_e=0; IL1_e=0; IFNA_e=0; IL7_e=0; DLL1=0; IL15_e=0; IL25_e=0; IL29_e=0; IL18_e=0; IFNB_e=0; IL23_e=0; IL27_e=0; IL6_e=0,TCR=1,TBET=0; IFNG=0; GATA3=1; IL4=1; FOXP3=0; RORGT=0; BCL6=0; IL9=0,false
56,MS15,1.0,TGFB_e=1; IFNG_e=0; IL2_e=0; IL4_e=0; IL10_e=0; IL21_e=1; APC=1; IL36_e=0; IL33_e=0; IL1_e=0; IFNA_e=0; IL7_e=0; DLL1=0; IL15_e=0; IL25_e=0; IL29_e=0; IL18_e=0; IFNB_e=0; IL23_e=0; IL27_e=0; IL6_e=0,TCR=1,TBET=0; IFNG=0; GATA3=0; IL4=0; FOXP3=1; RORGT=0; BCL6=0; IL9=0,false
57,MS15,1.0,TGFB_e=1; IFNG_e=0; IL2_e=0; IL4_e=0; IL10_e=0; IL21_e=1; APC=1; DLL1=0; IFNA_e=0; IFNB_e=0; IL1_e=0; IL6_e=0; IL7_e=0; IL15_e=0; IL18_e=0; IL23_e=0; IL25_e=0; IL27_e=0; IL29_e=0; IL33_e=0; IL36_e=0,TCR=1,TBET=0; IFNG=0; GATA3=0; IL4=0; FOXP3=0; RORGT=1; IL21=1; BCL6=1; IL9=0,false
58,MS15,1.0,TGFB_e=1; IFNG_e=0; IL2_e=0; IL4_e=1; IL10_e=0; IL21_e=0; APC=1; IL36_e=0; IL33_e=0; IL1_e=0; IFNA_e=0; IL7_e=0; DLL1=0; IL15_e=0; IL25_e=0; IL29_e=0; IL18_e=0; IFNB_e=0; IL23_e=0; IL27_e=0; IL6_e=0,TCR=1,TBET=0; GATA3=0; FOXP3=0; RORGT=0; BCL6=0; IL9=0,false
59,MS15,1.0,TGFB_e=1; IFNG_e=0; IL2_e=0; IL4_e=1; IL10_e=0; IL21_e=0; APC=1; IL36_e=0; IL33_e=0; IL1_e=0; IFNA_e=0; IL7_e=0; DLL1=0; IL15_e=0; IL25_e=0; IL29_e=0; IL18_e=0; IFNB_e=0; IL23_e=0; IL27_e=0; IL6_e=0,TCR=1,TBET=1; IFNG=1; GATA3=0; IL4=0; FOXP3=0; RORGT=0; BCL6=0; IL9=0,false
60,MS15,1.0,TGFB_e=1; IFNG_e=0; IL2_e=0; IL4_e=1; IL10_e=0; IL21_e=0; APC=1; IL36_e=0; IL33_e=0; IL1_e=0; IFNA_e=0; IL7_e=0; DLL1=0; IL15_e=0; IL25_e=0; IL29_e=0; IL18_e=0; IFNB_e=0; IL23_e=0; IL27_e=0; IL6_e=0,TCR=1,TBET=0; IFNG=0; GATA3=1; IL4=1; FOXP3=0; RORGT=0; BCL6=0; IL9=0,false
61,MS15,1.0,TGFB_e=1; IFNG_e=0; IL2_e=1; IL4_e=0; IL10_e=0; IL21_e=0; ; APC=1; DLL1=0; IFNA_e=0; IFNB_e=0; IL1_e=0; IL6_e=0; IL7_e=0; IL15_e=0; IL18_e=0; IL23_e=0; IL25_e=0; IL27_e=0; IL29_e=0; IL33_e=0; IL36_e=0,TCR=1,TBET=0; GATA3=0; FOXP3=0; RORGT=0; BCL6=0; IL9=0,false
62,MS15,1.0,TGFB_e=1; IFNG_e=0; IL2_e=1; IL4_e=0; IL10_e=0; IL21_e=0; APC=1; DLL1=0; IFNA_e=0; IFNB_e=0; IL1_e=0; IL6_e=0; IL7_e=0; IL15_e=0; IL18_e=0; IL23_e=0; IL25_e=0; IL27_e=0; IL29_e=0; IL33_e=0; IL36_e=0,TCR=1,TBET=1; IFNG=1; GATA3=0; IL4=0; FOXP3=0; RORGT=0; BCL6=0; IL9=0,false
63,MS15,1.0,TGFB_e=1; IFNG_e=0; IL2_e=1; IL4_e=0; IL10_e=0; IL21_e=0; APC=1; DLL1=0; IFNA_e=0; IFNB_e=0; IL1_e=0; IL6_e=0; IL7_e=0; IL15_e=0; IL18_e=0; IL23_e=0; IL25_e=0; IL27_e=0; IL29_e=0; IL33_e=0; IL36_e=0,TCR=1,TBET=0; IFNG=0; GATA3=1; IL4=1; FOXP3=0; RORGT=0; BCL6=0; IL9=0,false
64,MS15,1.0,APC=1; IL36_e=0; IL33_e=0; IL1_e=0; IFNA_e=0; IL25_e=0; IL29_e=0; IL18_e=0; IFNB_e=0; IL23_e=0; IL27_e=0; IL6_e=0; IL15_e=0; DLL1=0; IL7_e=0,TBET=1; TCR=1,GATA3=1,false
65,MS15,1.0,APC=1; DLL1=0; IFNA_e=0; IFNB_e=0; IL1_e=0; IL6_e=0; IL7_e=0; IL15_e=0; IL18_e=0; IL23_e=0; IL25_e=0; IL27_e=0; IL29_e=0; IL33_e=0; IL36_e=0,TBET=1; TCR=1,FOXP3=1,false
66,MS15,1.0,APC=1; DLL1=0; IFNA_e=0; IFNB_e=0; IL1_e=0; IL6_e=0; IL7_e=0; IL15_e=0; IL18_e=0; IL23_e=0; IL25_e=0; IL27_e=0; IL29_e=0; IL33_e=0; IL36_e=0,TBET=1; TCR=1,RORGT=1,false
67,MS15,1.0,APC=1; DLL1=0; IFNA_e=0; IFNB_e=0; IL1_e=0; IL6_e=0; IL7_e=0; IL15_e=0; IL18_e=0; IL23_e=0; IL25_e=0; IL27_e=0; IL29_e=0; IL33_e=0; IL36_e=0,TBET=1; TCR=1,BCL6=1,false
68,MS15,1.0,APC=1; DLL1=0; IFNA_e=0; IFNB_e=0; IL1_e=0; IL6_e=0; IL7_e=0; IL15_e=0; IL18_e=0; IL23_e=0; IL25_e=0; IL27_e=0; IL29_e=0; IL33_e=0; IL36_e=0,GATA3=1,TBET=1; IFNG=1,false
69,MS15,1.0,APC=1; DLL1=0; IFNA_e=0; IFNB_e=0; IL1_e=0; IL6_e=0; IL7_e=0; IL15_e=0; IL18_e=0; IL23_e=0; IL25_e=0; IL27_e=0; IL29_e=0; IL33_e=0; IL36_e=0,FOXP3=1; TCR=1,TBET=1,false
70,MS15,1.0,APC=1; DLL1=0; IFNA_e=0; IFNB_e=0; IL1_e=0; IL6_e=0; IL7_e=0; IL15_e=0; IL18_e=0; IL23_e=0; IL25_e=0; IL27_e=0; IL29_e=0; IL33_e=0; IL36_e=0,FOXP3=1; TCR=1,GATA3=1,false
71,P18,1.0,IL12_e=0; IL18_e=0; IL4_e=0; IL6_e=0; IL23_e=0; IL27_e=0; IFNG_e=1; TGFB_e=0; APC=0; DLL1=0; IFNA_e=0; IFNB_e=0; IL1_e=0; IL2_e=0; IL7_e=0; IL10_e=0; IL15_e=0; IL21_e=0; IL25_e=0; IL29_e=0; IL33_e=0; IL36_e=0,TCR=1,TBET=1; IFNG=1; GATA3=0; IL4=0; FOXP3=0; TGFB=0; RORGT=0; IL17=0,true
72,P18,1.0,IL12_e=1; IL18_e=0; IL4_e=0; IL6_e=0; IL23_e=0; IL27_e=0; IFNG_e=0; TGFB_e=0; APC=0; DLL1=0; IFNA_e=0; IFNB_e=0; IL1_e=0; IL2_e=0; IL7_e=0; IL10_e=0; IL15_e=0; IL21_e=0; IL25_e=0; IL29_e=0; IL33_e=0; IL36_e=0,TCR=1,TBET=1; IFNG=1; GATA3=0; IL4=0; FOXP3=0; TGFB=0; RORGT=0; IL17=0,true
73,P18,1.0,IL12_e=0; IL18_e=0; IL4_e=0; IL6_e=0; IL23_e=0; IL27_e=1; IFNG_e=0; TGFB_e=0; APC=0; DLL1=0; IFNA_e=0; IFNB_e=0; IL1_e=0; IL2_e=0; IL7_e=0; IL10_e=0; IL15_e=0; IL21_e=0; IL25_e=0; IL29_e=0; IL33_e=0; IL36_e=0,TCR=1,TBET=1; IFNG=1; GATA3=0; IL4=0; FOXP3=0; TGFB=0; RORGT=0; IL17=0,true
74,P18,1.0,IL12_e=0; IL18_e=0; IL4_e=1; IL6_e=0; IL23_e=0; IL27_e=0; IFNG_e=0; TGFB_e=0; APC=0; DLL1=0; IFNA_e=0; IFNB_e=0; IL1_e=0; IL2_e=0; IL7_e=0; IL10_e=0; IL15_e=0; IL21_e=0; IL25_e=0; IL29_e=0; IL33_e=0; IL36_e=0,TCR=1,TBET=0; IFNG=0; GATA3=1; IL4=1; FOXP3=0; TGFB=0; RORGT=0; IL17=0,true
75,P18,1.0,IL12_e=0; IL18_e=0; IL4_e=0; IL6_e=1; IL23_e=0; IL27_e=0; IFNG_e=0; TGFB_e=1; APC=0; DLL1=0; IFNA_e=0; IFNB_e=0; IL1_e=0; IL2_e=0; IL7_e=0; IL10_e=0; IL15_e=0; IL21_e=0; IL25_e=0; IL29_e=0; IL33_e=0; IL36_e=0,TCR=1,TBET=0; IFNG=0; GATA3=0; IL4=0; FOXP3=1; TGFB=1; RORGT=0; IL17=0,true
76,P18,1.0,IL12_e=0; IL18_e=0; IL4_e=0; IL6_e=1; IL23_e=0; IL27_e=0; IFNG_e=0; TGFB_e=1; APC=0; DLL1=0; IFNA_e=0; IFNB_e=0; IL1_e=0; IL2_e=0; IL7_e=0; IL10_e=0; IL15_e=0; IL21_e=0; IL25_e=0; IL29_e=0; IL33_e=0; IL36_e=0,TCR=1,TBET=0; IFNG=0; GATA3=0; IL4=0; FOXP3=0; TGFB=0; RORGT=1; IL17=1,true
77,P18,1.0,APC=0; DLL1=0; IFNA_e=0; IFNB_e=0; IL1_e=0; IL2_e=0; IL7_e=0; IL10_e=0; IL15_e=0; IL21_e=0; IL25_e=0; IL29_e=0; IL33_e=0; IL36_e=0,TCR=1,TBET=1; GATA3=1; FOXP3=0; RORGT=0,true
78,P18,1.0,APC=0; DLL1=0; IFNA_e=0; IFNB_e=0; IL1_e=0; IL2_e=0; IL7_e=0; IL10_e=0; IL15_e=0; IL21_e=0; IL25_e=0; IL29_e=0; IL33_e=0; IL36_e=0,TCR=1,TBET=1; GATA3=0; FOXP3=1; RORGT=0,true
79,P18,1.0,APC=0; DLL1=0; IFNA_e=0; IFNB_e=0; IL1_e=0; IL2_e=0; IL7_e=0; IL10_e=0; IL15_e=0; IL21_e=0; IL25_e=0; IL29_e=0; IL33_e=0; IL36_e=0,TCR=1,TBET=0; GATA3=0; FOXP3=1; RORGT=1,true
80,P18,1.0,APC=0; DLL1=0; IFNA_e=0; IFNB_e=0; IL1_e=0; IL2_e=0; IL7_e=0; IL10_e=0; IL15_e=0; IL21_e=0; IL25_e=0; IL29_e=0; IL33_e=0; IL36_e=0,TCR=0,TBET=0; IFNG=0; GATA3=0; IL4=0; FOXP3=0; TGFB=0; RORGT=0; IL17=0,true 