index,Regulator,Target,Sign,Model
1,AKT,AKT,positive,BL
2,EGFR,AKT,positive,BL
3,HER2,AKT,positive,BL
4,HER3,AKT,positive,BL
5,PTEN,AKT,negative,BL
6,CyclinB1,CyclinB1,positive,BL
7,EGFR,CyclinB1,positive,BL
8,HER3,CyclinB1,positive,BL
9,p53,CyclinB1,negative,BL
10,AKT,CyclinD,positive,BL
11,CyclinD,CyclinD,positive,BL
12,ERK,CyclinD,positive,BL
13,GSK3B,CyclinD,negative,BL
14,RPS6,CyclinD,positive,BL
15,EGFR,EGFR,positive,BL
16,erlotinib,EGFR,negative,BL
17,pertuzumab,EGFR,negative,BL
18,stimulus,EGFR,positive,BL
19,HER2,HER2,positive,BL
20,erlotinib,HER2,negative,BL
21,pertuzumab,HER2,negative,BL
22,stimulus,HER2,positive,BL
23,trastuzumab,HER2,negative,BL
24,HER3,HER3,positive,BL
25,PTEN,HER3,negative,BL
26,RPS6,HER3,positive,BL
27,erlotinib,HER3,negative,BL
28,pertuzumab,HER3,negative,BL
29,stimulus,HER3,positive,BL
30,ERK,ERK,positive,BL
31,RAF1,ERK,positive,BL
32,AKT,FOXO1FOXO3,negative,BL
33,FOXO1FOXO3,FOXO1FOXO3,positive,BL
34,CyclinD,GSK3B,positive,BL
35,GSK3B,GSK3B,positive,BL
36,p53,GSK3B,positive,BL
37,AKT,PRAS40,negative,BL
38,PRAS40,PRAS40,positive,BL
39,GSK3B,PTEN,negative,BL
40,PTEN,PTEN,positive,BL
41,CyclinD,RB,negative,BL
42,NFKB,RB,positive,BL
43,RB,RB,positive,BL
44,RPS6,RPS6,positive,BL
45,S6K,RPS6,positive,BL
46,AKT,TSC2,negative,BL
47,ERK,TSC2,negative,BL
48,GSK3B,TSC2,negative,BL
49,TSC2,TSC2,positive,BL
50,GSK3B,JUN,negative,BL
51,JUN,JUN,positive,BL
52,EGFR,RAF1,positive,BL
53,HER2,RAF1,positive,BL
54,ERK,RAF1,negative,BL
55,RAF1,RAF1,positive,BL
56,AKT,p38,positive,BL
57,p38,p38,positive,BL
58,CyclinB1,p53,positive,BL
59,PTEN,p53,positive,BL
60,RB,p53,positive,BL
61,p38,p53,positive,BL
62,p53,p53,positive,BL
63,stimulus,p53,positive,BL
64,ERK,S6K,positive,BL
65,NFKB,S6K,negative,BL
66,PRAS40,S6K,negative,BL
67,TSC2,S6K,negative,BL
68,S6K,S6K,positive,BL
69,AKT,AKT,positive,HL
70,CyclinB1,AKT,positive,HL
71,EGFR,AKT,positive,HL
72,HER2,AKT,positive,HL
73,HER3,AKT,positive,HL
74,PTEN,AKT,negative,HL
75,CyclinB1,CyclinB1,positive,HL
76,p53,CyclinB1,negative,HL
77,AKT,CyclinD,positive,HL
78,CyclinD,CyclinD,positive,HL
79,ERK,CyclinD,positive,HL
80,JUN,CyclinD,positive,HL
81,S6K,CyclinD,positive,HL
82,EGFR,EGFR,positive,HL
83,HER3,EGFR,positive,HL
84,JUN,EGFR,positive,HL
85,erlotinib,EGFR,negative,HL
86,pertuzumab,EGFR,negative,HL
87,stimulus,EGFR,positive,HL
88,HER2,HER2,positive,HL
89,erlotinib,HER2,negative,HL
90,pertuzumab,HER2,negative,HL
91,stimulus,HER2,positive,HL
92,trastuzumab,HER2,negative,HL
93,HER3,HER3,positive,HL
94,RPS6,HER3,positive,HL
95,erlotinib,HER3,negative,HL
96,pertuzumab,HER3,negative,HL
97,stimulus,HER3,positive,HL
98,EGFR,ERK,positive,HL
99,ERK,ERK,positive,HL
100,RAF1,ERK,positive,HL
101,AKT,FOXO1FOXO3,negative,HL
102,FOXO1FOXO3,FOXO1FOXO3,positive,HL
103,GSK3B,GSK3B,positive,HL
104,p53,GSK3B,positive,HL
105,AKT,PRAS40,negative,HL
106,PRAS40,PRAS40,positive,HL
107,JUN,PRAS40,positive,HL
108,GSK3B,PTEN,negative,HL
109,PTEN,PTEN,positive,HL
110,RAF1,PTEN,positive,HL
111,CyclinB1,RB,negative,HL
112,RB,RB,positive,HL
113,p53,RB,positive,HL
114,RPS6,RPS6,positive,HL
115,S6K,RPS6,positive,HL
116,AKT,TSC2,negative,HL
117,ERK,TSC2,negative,HL
118,GSK3B,TSC2,negative,HL
119,RB,TSC2,positive,HL
120,TSC2,TSC2,positive,HL
121,GSK3B,JUN,negative,HL
122,JUN,JUN,positive,HL
123,EGFR,RAF1,positive,HL
124,HER2,RAF1,positive,HL
125,ERK,RAF1,negative,HL
126,RAF1,RAF1,positive,HL
127,AKT,p38,positive,HL
128,p38,p38,positive,HL
129,CyclinB1,p53,positive,HL
130,RB,p53,positive,HL
131,p38,p53,positive,HL
132,p53,p53,positive,HL
133,ERK,S6K,positive,HL
134,PRAS40,S6K,negative,HL
135,TSC2,S6K,negative,HL
136,S6K,S6K,positive,HL
137,AKT,AKT,positive,BS
138,HER3,AKT,positive,BS
139,PDK1_pm,AKT,positive,BS
140,mTORC1,AKT,positive,BS
141,EGF,EGFR,positive,BS
142,EGFR,EGFR,positive,BS
143,PLCg,EGFR,positive,BS
144,erlotinib,EGFR,negative,BS
145,pertuzumab,EGFR,negative,BS
146,EGF,HER2,positive,BS
147,HER2,HER2,positive,BS
148,HER3,HER2,positive,BS
149,erlotinib,HER2,negative,BS
150,pertuzumab,HER2,negative,BS
151,trastuzumab,HER2,negative,BS
152,HER3,HER3,positive,BS
153,NRG1,HER3,positive,BS
154,erlotinib,HER3,negative,BS
155,pertuzumab,HER3,negative,BS
156,EGF,ERK,positive,BS
157,ERK,ERK,positive,BS
158,MEK,ERK,positive,BS
159,pertuzumab,ERK,positive,BS
160,EGFR,MEK,positive,BS
161,HER2,MEK,positive,BS
162,HER3,MEK,positive,BS
163,MEK,MEK,positive,BS
164,EGFR,PDK1_pm,positive,BS
165,HER2,PDK1_pm,positive,BS
166,HER3,PDK1_pm,positive,BS
167,MEK,PDK1_pm,positive,BS
168,PDK1_pm,PDK1_pm,positive,BS
169,PKCa,PKCa,positive,BS
170,PLCg,PKCa,positive,BS
171,EGF,PLCg,positive,BS
172,EGFR,PLCg,positive,BS
173,HER2,PLCg,positive,BS
174,HER3,PLCg,positive,BS
175,PLCg,PLCg,positive,BS
176,AKT,mTORC1,positive,BS
177,mTORC1,mTORC1,positive,BS
178,pertuzumab,mTORC1,positive,BS
179,AKT,S6K,positive,BS
180,ERK,S6K,positive,BS
181,mTORC1,S6K,positive,BS
182,S6K,S6K,positive,BS
183,AKT,AKT,positive,HS
184,HER3,AKT,positive,HS
185,PDK1_pm,AKT,positive,HS
186,mTORC1,AKT,positive,HS
187,S6K,AKT,positive,HS
188,EGF,EGFR,positive,HS
189,EGFR,EGFR,positive,HS
190,PLCg,EGFR,positive,HS
191,erlotinib,EGFR,negative,HS
192,pertuzumab,EGFR,negative,HS
193,EGFR,HER2,positive,HS
194,HER2,HER2,positive,HS
195,PDK1_pm,HER2,positive,HS
196,erlotinib,HER2,negative,HS
197,pertuzumab,HER2,negative,HS
198,trastuzumab,HER2,negative,HS
199,HER3,HER3,positive,HS
200,ERK,HER3,positive,HS
201,NRG1,HER3,positive,HS
202,erlotinib,HER3,negative,HS
203,pertuzumab,HER3,negative,HS
204,ERK,ERK,positive,HS
205,MEK,ERK,positive,HS
206,EGFR,MEK,positive,HS
207,HER2,MEK,positive,HS
208,HER3,MEK,positive,HS
209,MEK,MEK,positive,HS
210,PDK1_pm,MEK,positive,HS
211,EGFR,PDK1_pm,positive,HS
212,HER2,PDK1_pm,positive,HS
213,HER3,PDK1_pm,positive,HS
214,PDK1_pm,PDK1_pm,positive,HS
215,PKCa,PKCa,positive,HS
216,PLCg,PKCa,positive,HS
217,trastuzumab,PKCa,positive,HS
218,EGFR,PLCg,positive,HS
219,HER2,PLCg,positive,HS
220,HER3,PLCg,positive,HS
221,PLCg,PLCg,positive,HS
222,AKT,mTORC1,positive,HS
223,mTORC1,mTORC1,positive,HS
224,AKT,S6K,positive,HS
225,ERK,S6K,positive,HS
226,erlotinib,S6K,positive,HS
227,mTORC1,S6K,positive,HS
228,S6K,S6K,positive,HS
229,AKT,AKT,positive,SS
230,HER3,AKT,positive,SS
231,PDK1_pm,AKT,positive,SS
232,mTORC1,AKT,positive,SS
233,EGF,EGFR,positive,SS
234,EGFR,EGFR,positive,SS
235,PLCg,EGFR,positive,SS
236,erlotinib,EGFR,negative,SS
237,pertuzumab,EGFR,negative,SS
238,HER2,HER2,positive,SS
239,erlotinib,HER2,negative,SS
240,pertuzumab,HER2,negative,SS
241,trastuzumab,HER2,negative,SS
242,HER3,HER3,positive,SS
243,NRG1,HER3,positive,SS
244,erlotinib,HER3,negative,SS
245,pertuzumab,HER3,negative,SS
246,HER3,ERK,positive,SS
247,ERK,ERK,positive,SS
248,MEK,ERK,positive,SS
249,PDK1_pm,ERK,positive,SS
250,EGFR,MEK,positive,SS
251,HER2,MEK,positive,SS
252,HER3,MEK,positive,SS
253,MEK,MEK,positive,SS
254,EGFR,PDK1_pm,positive,SS
255,HER2,PDK1_pm,positive,SS
256,HER3,PDK1_pm,positive,SS
257,PDK1_pm,PDK1_pm,positive,SS
258,PKCa,PKCa,positive,SS
259,PLCg,PKCa,positive,SS
260,EGFR,PLCg,positive,SS
261,HER2,PLCg,positive,SS
262,HER3,PLCg,positive,SS
263,PLCg,PLCg,positive,SS
264,AKT,mTORC1,positive,SS
265,mTORC1,mTORC1,positive,SS
266,AKT,S6K,positive,SS
267,ERK,S6K,positive,SS
268,mTORC1,S6K,positive,SS
269,S6K,S6K,positive,SS
270,AKT,AKT,positive,SL
271,CyclinB1,AKT,negative,SL
272,EGFR,AKT,positive,SL
273,HER2,AKT,positive,SL
274,HER3,AKT,positive,SL
275,PTEN,AKT,negative,SL
276,stimulus,AKT,positive,SL
277,BAX,BAX,positive,SL
278,EGFR,BAX,positive,SL
279,CyclinB1,CyclinB1,positive,SL
280,p53,CyclinB1,negative,SL
281,S6K,CyclinB1,positive,SL
282,AKT,CyclinD,positive,SL
283,CyclinD,CyclinD,positive,SL
284,ERK,CyclinD,positive,SL
285,GSK3B,CyclinD,negative,SL
286,PTEN,CyclinD,positive,SL
287,JUN,CyclinD,positive,SL
288,EGFR,EGFR,positive,SL
289,erlotinib,EGFR,negative,SL
290,pertuzumab,EGFR,negative,SL
291,stimulus,EGFR,positive,SL
292,BAX,HER2,positive,SL
293,HER2,HER2,positive,SL
294,erlotinib,HER2,negative,SL
295,pertuzumab,HER2,negative,SL
296,stimulus,HER2,positive,SL
297,trastuzumab,HER2,negative,SL
298,AKT,HER3,negative,SL
299,HER3,HER3,positive,SL
300,erlotinib,HER3,negative,SL
301,pertuzumab,HER3,negative,SL
302,stimulus,HER3,positive,SL
303,CyclinB1,ERK,positive,SL
304,EGFR,ERK,positive,SL
305,ERK,ERK,positive,SL
306,RAF1,ERK,positive,SL
307,AKT,FOXO1FOXO3,negative,SL
308,FOXO1FOXO3,FOXO1FOXO3,positive,SL
309,GSK3B,GSK3B,positive,SL
310,p53,GSK3B,positive,SL
311,HER3,NFKB,positive,SL
312,NFKB,NFKB,positive,SL
313,RPS6,NFKB,positive,SL
314,AKT,PRAS40,negative,SL
315,HER3,PRAS40,positive,SL
316,PRAS40,PRAS40,positive,SL
317,GSK3B,PTEN,negative,SL
318,PTEN,PTEN,positive,SL
319,S6K,PTEN,positive,SL
320,CyclinD,RB,negative,SL
321,HER2,RB,positive,SL
322,RB,RB,positive,SL
323,TSC2,RB,negative,SL
324,p53,RB,negative,SL
325,RPS6,RPS6,positive,SL
326,S6K,RPS6,positive,SL
327,AKT,TSC2,negative,SL
328,HER2,TSC2,positive,SL
329,ERK,TSC2,negative,SL
330,GSK3B,TSC2,negative,SL
331,TSC2,TSC2,positive,SL
332,GSK3B,JUN,negative,SL
333,JUN,JUN,positive,SL
334,EGFR,RAF1,positive,SL
335,HER2,RAF1,positive,SL
336,ERK,RAF1,negative,SL
337,RPS6,RAF1,positive,SL
338,RAF1,RAF1,positive,SL
339,p53,RAF1,negative,SL
340,AKT,p38,positive,SL
341,p38,p38,positive,SL
342,CyclinB1,p53,positive,SL
343,PTEN,p53,positive,SL
344,RB,p53,positive,SL
345,p53,p53,positive,SL
346,HER2,S6K,positive,SL
347,ERK,S6K,positive,SL
348,PRAS40,S6K,negative,SL
349,TSC2,S6K,negative,SL
350,S6K,S6K,positive,SL
351,Ipatasertib,AKT,negative,Z17
352,PDK1_pm,AKT,positive,Z17
353,PIP3,AKT,positive,Z17
354,PIP3_2,AKT,positive,Z17
355,mTORC2_pm,AKT,positive,Z17
356,Apoptosis_X,Apoptosis_X,positive,Z17
357,BAD,Apoptosis_X,positive,Z17
358,BCL2,Apoptosis_X,negative,Z17
359,BIM,Apoptosis_X,positive,Z17
360,MCL1,Apoptosis_X,negative,Z17
361,Apoptosis_Y,Apoptosis_Y,positive,Z17
362,BAD,Apoptosis_Y,positive,Z17
363,BCL2,Apoptosis_Y,negative,Z17
364,BIM,Apoptosis_Y,positive,Z17
365,MCL1,Apoptosis_Y,negative,Z17
366,Apoptosis_Z,Apoptosis_Z,positive,Z17
367,BAD,Apoptosis_Z,positive,Z17
368,BCL2,Apoptosis_Z,negative,Z17
369,BIM,Apoptosis_Z,positive,Z17
370,MCL1,Apoptosis_Z,negative,Z17
371,AKT,BAD,negative,Z17
372,MAPK,BAD,negative,Z17
373,MAPK_2,BAD,negative,Z17
374,PIM,BAD,negative,Z17
375,BCL2_T,BCL2,positive,Z17
376,ER_transcription_2,BCL2,positive,Z17
377,BIM_T,BIM,positive,Z17
378,FOXO3,BIM,positive,Z17
379,MAPK_2,BIM,negative,Z17
380,Palbociclib,CDK46,negative,Z17
381,E2F_2,E2F,positive,Z17
382,E2F_3,E2F,positive,Z17
383,pRB,E2F,positive,Z17
384,E2F,E2F_2,positive,Z17
385,E2F_3,E2F_2,positive,Z17
386,pRB_2,E2F_2,positive,Z17
387,E2F,E2F_3,positive,Z17
388,E2F_2,E2F_3,positive,Z17
389,E2F_3,E2F_3,positive,Z17
390,pRB_2,E2F_3,positive,Z17
391,pRB_3,E2F_3,positive,Z17
392,mTORC1,EIF4,positive,Z17
393,ER,ER_transcription,positive,Z17
394,ER_transcription_2,ER_transcription,positive,Z17
395,ESR1,ER_transcription,positive,Z17
396,ESR1_2,ER_transcription,positive,Z17
397,ER,ER_transcription_2,positive,Z17
398,ER_transcription,ER_transcription_2,positive,Z17
399,ESR1_2,ER_transcription_2,positive,Z17
400,FOXA1,ER_transcription_2,positive,Z17
401,KMT2D,ER_transcription_2,positive,Z17
402,PBX1,ER_transcription_2,positive,Z17
403,ER,ESR1,positive,Z17
404,ESR1_2,ESR1,positive,Z17
405,FOXO3,ESR1,positive,Z17
406,Fulvestrant,ESR1,negative,Z17
407,ER,ESR1_2,positive,Z17
408,ESR1,ESR1_2,positive,Z17
409,FOXO3,ESR1_2,positive,Z17
410,Fulvestrant,ESR1_2,negative,Z17
411,FOXO3,FOXA1,positive,Z17
412,AKT,FOXO3,negative,Z17
413,FOXO3_Ub,FOXO3,negative,Z17
414,PIM,FOXO3,negative,Z17
415,SGK1,FOXO3,negative,Z17
416,MAPK_2,FOXO3_Ub,positive,Z17
417,HER2,HER2HER3c,positive,Z17
418,HER2HER3c_2,HER2HER3c,positive,Z17
419,HER3,HER2HER3c,positive,Z17
420,HER3_2,HER2HER3c,positive,Z17
421,Neratinib,HER2HER3c,negative,Z17
422,HER2,HER2HER3c_2,positive,Z17
423,HER2HER3c,HER2HER3c_2,positive,Z17
424,HER3,HER2HER3c_2,positive,Z17
425,HER3_2,HER2HER3c_2,positive,Z17
426,MAPK_2,HER2HER3c_2,negative,Z17
427,Neratinib,HER2HER3c_2,negative,Z17
428,FOXO3,HER3,positive,Z17
429,HER3_2,HER3,positive,Z17
430,HER3_T,HER3,positive,Z17
431,FOXO3,HER3_2,positive,Z17
432,HER3,HER3_2,positive,Z17
433,FOXO3,IGF1R,positive,Z17
434,HER2,IGF1R,positive,Z17
435,IGF1R_2,IGF1R,positive,Z17
436,IGF1R_T,IGF1R,positive,Z17
437,FOXO3,IGF1R_2,positive,Z17
438,HER2,IGF1R_2,positive,Z17
439,IGF1R,IGF1R_2,positive,Z17
440,IGF1R_T,IGF1R_2,positive,Z17
441,S6K,IGF1R_2,negative,Z17
442,AKT,KMT2D,negative,Z17
443,MAPK_2,MAPK,positive,Z17
444,PIP3,MAPK,positive,Z17
445,PIP3_2,MAPK,positive,Z17
446,RAS,MAPK,positive,Z17
447,RAS_2,MAPK,positive,Z17
448,RAS_3,MAPK,positive,Z17
449,Trametinib,MAPK,negative,Z17
450,MAPK,MAPK_2,positive,Z17
451,PIP3,MAPK_2,positive,Z17
452,PIP3_2,MAPK_2,positive,Z17
453,RAS_2,MAPK_2,positive,Z17
454,RAS_3,MAPK_2,positive,Z17
455,Trametinib,MAPK_2,negative,Z17
456,Translation,MCL1,positive,Z17
457,ER_transcription,MYC,positive,Z17
458,MYC_2,MYC,positive,Z17
459,ER_transcription_2,MYC_2,positive,Z17
460,MYC,MYC_2,positive,Z17
461,PIP3,PDK1_pm,positive,Z17
462,PIP3_2,PDK1_pm,positive,Z17
463,Alpelisib,PI3K,negative,Z17
464,HER2HER3c,PI3K,positive,Z17
465,HER2HER3c_2,PI3K,positive,Z17
466,IGF1R,PI3K,positive,Z17
467,IGF1R_2,PI3K,positive,Z17
468,PI3K_2,PI3K,positive,Z17
469,RAS,PI3K,positive,Z17
470,RAS_2,PI3K,positive,Z17
471,RAS_3,PI3K,positive,Z17
472,Alpelisib,PI3K_2,negative,Z17
473,HER2HER3c_2,PI3K_2,positive,Z17
474,PI3K,PI3K_2,positive,Z17
475,PI3K,PIP3,positive,Z17
476,PI3K_2,PIP3,positive,Z17
477,PIP3_2,PIP3,positive,Z17
478,PTEN,PIP3,negative,Z17
479,PI3K_2,PIP3_2,positive,Z17
480,PIP3,PIP3_2,positive,Z17
481,PTEN,PIP3_2,negative,Z17
482,AKT,PRAS40,negative,Z17
483,PIM,PRAS40,negative,Z17
484,E2F,Proliferation,positive,Z17
485,E2F_2,Proliferation,positive,Z17
486,E2F_3,Proliferation,positive,Z17
487,Translation,Proliferation,positive,Z17
488,E2F_2,Proliferation_2,positive,Z17
489,E2F_3,Proliferation_2,positive,Z17
490,Translation,Proliferation_2,positive,Z17
491,E2F_2,Proliferation_3,positive,Z17
492,E2F_3,Proliferation_3,positive,Z17
493,Translation,Proliferation_3,positive,Z17
494,E2F_3,Proliferation_4,positive,Z17
495,Translation,Proliferation_4,positive,Z17
496,HER2HER3c,RAS,positive,Z17
497,HER2HER3c_2,RAS,positive,Z17
498,IGF1R,RAS,positive,Z17
499,IGF1R_2,RAS,positive,Z17
500,RAS_2,RAS,positive,Z17
501,RAS_3,RAS,positive,Z17
502,HER2HER3c,RAS_2,positive,Z17
503,HER2HER3c_2,RAS_2,positive,Z17
504,RAS,RAS_2,positive,Z17
505,RAS_3,RAS_2,positive,Z17
506,HER2HER3c_2,RAS_3,positive,Z17
507,RAS,RAS_3,positive,Z17
508,RAS_2,RAS_3,positive,Z17
509,mTORC1,S6K,positive,Z17
510,PDK1_ic,SGK1,positive,Z17
511,SGK1_T,SGK1,positive,Z17
512,mTORC2_ic,SGK1,positive,Z17
513,AKT,TSC2,negative,Z17
514,MAPK_2,TSC2,negative,Z17
515,SGK1,TSC2,negative,Z17
516,EIF4,Translation,positive,Z17
517,S6K,Translation,positive,Z17
518,CDK46,CYCLINDc,positive,Z17
519,CYCLINDc_2,CYCLINDc,positive,Z17
520,CyclinD,CYCLINDc,positive,Z17
521,CyclinD_2,CYCLINDc,positive,Z17
522,CDK46,CYCLINDc_2,positive,Z17
523,CYCLINDc,CYCLINDc_2,positive,Z17
524,CyclinD_2,CYCLINDc_2,positive,Z17
525,cycE_CDK2_T,cycE_CDK2,positive,Z17
526,p21_p27,cycE_CDK2,negative,Z17
527,E2F,cycE_CDK2_T,positive,Z17
528,E2F_2,cycE_CDK2_T,positive,Z17
529,E2F_3,cycE_CDK2_T,positive,Z17
530,MYC,CyclinD,positive,Z17
531,CyclinD_2,CyclinD,positive,Z17
532,MYC_2,CyclinD_2,positive,Z17
533,CyclinD,CyclinD_2,positive,Z17
534,Everolimus,mTORC1,negative,Z17
535,PRAS40,mTORC1,negative,Z17
536,TSC2,mTORC1,negative,Z17
537,Everolimus,mTORC2_ic,negative,Z17
538,mTORC2_ic,mTORC2_ic,positive,Z17
539,Everolimus,mTORC2_pm,negative,Z17
540,PIP3,mTORC2_pm,positive,Z17
541,PIP3_2,mTORC2_pm,positive,Z17
542,AKT,p21_p27,negative,Z17
543,PIM,p21_p27,negative,Z17
544,p21_p27_T,p21_p27,positive,Z17
545,FOXO3,p21_p27_T,positive,Z17
546,MYC,p21_p27_T,negative,Z17
547,MYC_2,p21_p27_T,negative,Z17
548,CYCLINDc,pRB,positive,Z17
549,CYCLINDc_2,pRB,positive,Z17
550,cycE_CDK2,pRB,positive,Z17
551,pRB_2,pRB,positive,Z17
552,pRB_3,pRB,positive,Z17
553,CYCLINDc,pRB_2,positive,Z17
554,CYCLINDc_2,pRB_2,positive,Z17
555,cycE_CDK2,pRB_2,positive,Z17
556,pRB,pRB_2,positive,Z17
557,pRB_3,pRB_2,positive,Z17
558,CYCLINDc_2,pRB_3,positive,Z17
559,cycE_CDK2,pRB_3,positive,Z17
560,pRB,pRB_3,positive,Z17
561,pRB_2,pRB_3,positive,Z17
562,Ipatasertib,AKT,negative,Z21
563,PDK1_pm,AKT,positive,Z21
564,PIP3,AKT,positive,Z21
565,PIP3_2,AKT,positive,Z21
566,mTORC2_pm,AKT,positive,Z21
567,Apoptosis_X,Apoptosis_X,positive,Z21
568,BAD,Apoptosis_X,positive,Z21
569,BIM,Apoptosis_X,positive,Z21
570,Apoptosis_Y,Apoptosis_Y,positive,Z21
571,BCL2,Apoptosis_Y,negative,Z21
572,BCLXL,Apoptosis_Y,negative,Z21
573,MCL1,Apoptosis_Y,negative,Z21
574,Apoptosis_Z,Apoptosis_Z,positive,Z21
575,BCL2,Apoptosis_Z,negative,Z21
576,BCLXL,Apoptosis_Z,negative,Z21
577,BIM,Apoptosis_Z,positive,Z21
578,MCL1,Apoptosis_Z,negative,Z21
579,AKT,BAD,negative,Z21
580,MAPK_2,BAD,negative,Z21
581,PIM,BAD,negative,Z21
582,BCL2_T,BCL2,positive,Z21
583,Navitoclax,BCL2,negative,Z21
584,BCLXL_T,BCLXL,positive,Z21
585,Navitoclax,BCLXL,negative,Z21
586,BIM_T,BIM,positive,Z21
587,FOXO3,BIM,positive,Z21
588,MAPK_2,BIM,negative,Z21
589,Palbociclib,CDK46,negative,Z21
590,E2F_2,E2F,positive,Z21
591,pRB,E2F,positive,Z21
592,E2F,E2F_2,positive,Z21
593,pRB_2,E2F_2,positive,Z21
594,mTORC1,EIF4,positive,Z21
595,ER_transcription_2,ER_transcription,positive,Z21
596,ESR1,ER_transcription,positive,Z21
597,ESR1_2,ER_transcription,positive,Z21
598,ER_transcription,ER_transcription_2,positive,Z21
599,ESR1_2,ER_transcription_2,positive,Z21
600,FOXA1,ER_transcription_2,positive,Z21
601,KMT2D,ER_transcription_2,positive,Z21
602,PBX1,ER_transcription_2,positive,Z21
603,ER_transcription_2,ER_transcription_feedback_1,positive,Z21
604,ER_transcription_feedback_1,ER_transcription_feedback_2,positive,Z21
605,ER_transcription_feedback_2,ER_transcription_feedback_2,positive,Z21
606,ER,ESR1,positive,Z21
607,ESR1_2,ESR1,positive,Z21
608,FOXO3,ESR1,positive,Z21
609,Fulvestrant,ESR1,negative,Z21
610,ER,ESR1_2,positive,Z21
611,ES,ESR1_2,positive,Z21
612,ER_transcription_feedback_2,ESR1_2,negative,Z21
613,ESR1,ESR1_2,positive,Z21
614,FOXO3,ESR1_2,positive,Z21
615,Fulvestrant,ESR1_2,negative,Z21
616,AKT,FOXO3,negative,Z21
617,FOXO3_Ub,FOXO3,negative,Z21
618,PIM,FOXO3,negative,Z21
619,SGK1,FOXO3,negative,Z21
620,MAPK_2,FOXO3_Ub,positive,Z21
621,HER2,HER2HER3c,positive,Z21
622,HER2HER3c_2,HER2HER3c,positive,Z21
623,HER3,HER2HER3c,positive,Z21
624,HER3_2,HER2HER3c,positive,Z21
625,Neratinib,HER2HER3c,negative,Z21
626,HER2,HER2HER3c_2,positive,Z21
627,HER2HER3c,HER2HER3c_2,positive,Z21
628,HER3,HER2HER3c_2,positive,Z21
629,HER3_2,HER2HER3c_2,positive,Z21
630,NRG1,HER2HER3c_2,positive,Z21
631,MAPK_2,HER2HER3c_2,negative,Z21
632,Neratinib,HER2HER3c_2,negative,Z21
633,FOXO3,HER3,positive,Z21
634,HER3_2,HER3,positive,Z21
635,HER3_T,HER3,positive,Z21
636,FOXO3,HER3_2,positive,Z21
637,HER3,HER3_2,positive,Z21
638,FOXO3,IGF1R,positive,Z21
639,HER2,IGF1R,positive,Z21
640,IGF1R_2,IGF1R,positive,Z21
641,IGF1R_T,IGF1R,positive,Z21
642,FOXO3,IGF1R_2,positive,Z21
643,HER2,IGF1R_2,positive,Z21
644,IGF1R,IGF1R_2,positive,Z21
645,IGF1R_T_2,IGF1R_2,positive,Z21
646,S6K,IGF1R_2,negative,Z21
647,IGF1R_T,IGF1R_T,positive,Z21
648,IGF1R_T_2,IGF1R_T,positive,Z21
649,IGF1R_T,IGF1R_T_2,positive,Z21
650,IGF1R_T_2,IGF1R_T_2,positive,Z21
651,AKT,KMT2D,negative,Z21
652,MAPK_2,MAPK,positive,Z21
653,PIP3,MAPK,positive,Z21
654,PIP3_2,MAPK,positive,Z21
655,RAS,MAPK,positive,Z21
656,RAS_2,MAPK,positive,Z21
657,RAS_3,MAPK,positive,Z21
658,Trametinib,MAPK,negative,Z21
659,MAPK,MAPK_2,positive,Z21
660,PIP3,MAPK_2,positive,Z21
661,PIP3_2,MAPK_2,positive,Z21
662,RAS_2,MAPK_2,positive,Z21
663,RAS_3,MAPK_2,positive,Z21
664,Trametinib,MAPK_2,negative,Z21
665,MCL1_T,MCL1,positive,Z21
666,S63845,MCL1,negative,Z21
667,ER_transcription,MYC,positive,Z21
668,MYC_2,MYC,positive,Z21
669,ER_transcription_2,MYC_2,positive,Z21
670,MYC,MYC_2,positive,Z21
671,MYC_T,MYC_2,positive,Z21
672,MYC,MYC_targets,positive,Z21
673,MYC_2,MYC_targets,positive,Z21
674,MYC_targets_2,MYC_targets,positive,Z21
675,Translation,MYC_targets,positive,Z21
676,MYC,MYC_targets_2,positive,Z21
677,MYC_2,MYC_targets_2,positive,Z21
678,MYC_targets,MYC_targets_2,positive,Z21
679,Translation,MYC_targets_2,positive,Z21
680,PIP3,PDK1_pm,positive,Z21
681,PIP3_2,PDK1_pm,positive,Z21
682,Alpelisib,PI3K,negative,Z21
683,HER2HER3c,PI3K,positive,Z21
684,HER2HER3c_2,PI3K,positive,Z21
685,IGF1R,PI3K,positive,Z21
686,IGF1R_2,PI3K,positive,Z21
687,PI3K_2,PI3K,positive,Z21
688,RAS,PI3K,positive,Z21
689,RAS_2,PI3K,positive,Z21
690,RAS_3,PI3K,positive,Z21
691,Alpelisib,PI3K_2,negative,Z21
692,HER2HER3c_2,PI3K_2,positive,Z21
693,PI3K,PI3K_2,positive,Z21
694,PI3K,PIP3,positive,Z21
695,PI3K_2,PIP3,positive,Z21
696,PIP3_2,PIP3,positive,Z21
697,PTEN,PIP3,negative,Z21
698,PTEN_2,PIP3,negative,Z21
699,PI3K_2,PIP3_2,positive,Z21
700,PIP3,PIP3_2,positive,Z21
701,PTEN_2,PIP3_2,negative,Z21
702,AKT,PRAS40,negative,Z21
703,PIM,PRAS40,negative,Z21
704,PTEN_2,PTEN,positive,Z21
705,PTEN_T,PTEN,positive,Z21
706,PTEN,PTEN_2,positive,Z21
707,PTEN_T_2,PTEN_2,positive,Z21
708,PTEN_T,PTEN_T,positive,Z21
709,PTEN_T_2,PTEN_T,positive,Z21
710,PTEN_T,PTEN_T_2,positive,Z21
711,PTEN_T_2,PTEN_T_2,positive,Z21
712,E2F,Proliferation,positive,Z21
713,MYC_targets,Proliferation,positive,Z21
714,E2F_2,Proliferation_2,positive,Z21
715,E2F,Proliferation_3,positive,Z21
716,E2F_2,Proliferation_3,positive,Z21
717,MYC_targets_2,Proliferation_3,positive,Z21
718,HER2HER3c,RAS,positive,Z21
719,HER2HER3c_2,RAS,positive,Z21
720,IGF1R,RAS,positive,Z21
721,IGF1R_2,RAS,positive,Z21
722,RAS_2,RAS,positive,Z21
723,RAS_3,RAS,positive,Z21
724,HER2HER3c,RAS_2,positive,Z21
725,HER2HER3c_2,RAS_2,positive,Z21
726,RAS,RAS_2,positive,Z21
727,RAS_3,RAS_2,positive,Z21
728,HER2HER3c_2,RAS_3,positive,Z21
729,RAS,RAS_3,positive,Z21
730,RAS_2,RAS_3,positive,Z21
731,mTORC1,S6K,positive,Z21
732,PDK1_ic,SGK1,positive,Z21
733,SGK1_T,SGK1,positive,Z21
734,mTORC2_ic,SGK1,positive,Z21
735,AKT,TSC2,negative,Z21
736,MAPK_2,TSC2,negative,Z21
737,SGK1,TSC2,negative,Z21
738,EIF4,Translation,positive,Z21
739,S6K,Translation,positive,Z21
740,CDK46,CYCLINDc,positive,Z21
741,CYCLINDc_2,CYCLINDc,positive,Z21
742,CyclinD,CYCLINDc,positive,Z21
743,CyclinD_2,CYCLINDc,positive,Z21
744,CDK46,CYCLINDc_2,positive,Z21
745,CYCLINDc,CYCLINDc_2,positive,Z21
746,CyclinD_2,CYCLINDc_2,positive,Z21
747,cycE_CDK2_T,cycE_CDK2,positive,Z21
748,p21_p27,cycE_CDK2,negative,Z21
749,E2F,cycE_CDK2_T,positive,Z21
750,E2F_2,cycE_CDK2_T,positive,Z21
751,MYC,CyclinD,positive,Z21
752,CyclinD_2,CyclinD,positive,Z21
753,MYC_2,CyclinD_2,positive,Z21
754,CyclinD,CyclinD_2,positive,Z21
755,Everolimus,mTORC1,negative,Z21
756,PRAS40,mTORC1,negative,Z21
757,TSC2,mTORC1,negative,Z21
758,Everolimus,mTORC2_ic,negative,Z21
759,mTORC2_ic,mTORC2_ic,positive,Z21
760,Everolimus,mTORC2_pm,negative,Z21
761,PIP3,mTORC2_pm,positive,Z21
762,PIP3_2,mTORC2_pm,positive,Z21
763,p21_T,p21_T,positive,Z21
764,p21_T_2,p21_T,positive,Z21
765,p21_T,p21_T_2,positive,Z21
766,p21_T_2,p21_T_2,positive,Z21
767,AKT,p21_p27,negative,Z21
768,PIM,p21_p27,negative,Z21
769,p21_p27_T,p21_p27,positive,Z21
770,FOXO3,p21_p27_T,positive,Z21
771,MYC,p21_p27_T,negative,Z21
772,MYC_2,p21_p27_T,negative,Z21
773,p21_T,p21_p27_T,positive,Z21
774,p21_T_2,p21_p27_T,positive,Z21
775,p27_T,p21_p27_T,positive,Z21
776,Rb_T,pRB,negative,Z21
777,CYCLINDc,pRB,positive,Z21
778,CYCLINDc_2,pRB,positive,Z21
779,pRB_2,pRB,positive,Z21
780,Rb_T,pRB_2,negative,Z21
781,CYCLINDc,pRB_2,positive,Z21
782,CYCLINDc_2,pRB_2,positive,Z21
783,cycE_CDK2,pRB_2,positive,Z21
784,pRB,pRB_2,positive,Z21
785,GRB2,ABL1,positive,TGEN
786,SRC,ABL1,positive,TGEN
787,ABL1,ABL2,positive,TGEN
788,IGF1,AKT,positive,TGEN
789,IGF1R,AKT,positive,TGEN
790,IRS1,AKT,positive,TGEN
791,mTORC2_pm,AKT,positive,TGEN
792,NRG1,AKT,positive,TGEN
793,PDK1_pm,AKT,positive,TGEN
794,PIP3,AKT,positive,TGEN
795,AXIN1,APC,positive,TGEN
796,DVL1,AXIN1,negative,TGEN
797,GSK3B,AXIN1,positive,TGEN
798,AKT,BAD,negative,TGEN
799,ERK,BAD,negative,TGEN
800,PAK1,BAD,negative,TGEN
801,PIM,BAD,negative,TGEN
802,BID,BAK1,positive,TGEN
803,BIM,BAK1,positive,TGEN
804,MCL1,BAK1,negative,TGEN
805,p53,BAK1,positive,TGEN
806,BID,BAX,positive,TGEN
807,BIM,BAX,positive,TGEN
808,MCL1,BAX,negative,TGEN
809,p53,BAX,positive,TGEN
810,BAD,BCL2,negative,TGEN
811,BIM,BCL2,negative,TGEN
812,CREB1,BCL2,positive,TGEN
813,ERK,BCL2,positive,TGEN
814,BAD,BCLXL,negative,TGEN
815,BIM,BCLXL,negative,TGEN
816,CREB1,BCLXL,positive,TGEN
817,CASP8,BID,positive,TGEN
818,BCL2,BIM,negative,TGEN
819,BCLXL,BIM,negative,TGEN
820,FOXO1,BIM,positive,TGEN
821,FOXO3,BIM,positive,TGEN
822,CASP9,CASP3,positive,TGEN
823,ERK,CASP8,negative,TGEN
824,FADD,CASP8,positive,TGEN
825,NF1,CASP8,positive,TGEN
826,SRC,CASP8,negative,TGEN
827,AKT,CASP9,negative,TGEN
828,BCLXL,CASP9,negative,TGEN
829,CASP3,CASP9,positive,TGEN
830,CASP8,CASP9,positive,TGEN
831,CYCS,CASP9,positive,TGEN
832,ERK,CASP9,negative,TGEN
833,PRKACA,CASP9,negative,TGEN
834,CASP3,CDKN2A,positive,TGEN
835,MYC,CDKN2A,negative,TGEN
836,SRC,CDKN2A,negative,TGEN
837,ABL2,CEBPB,positive,TGEN
838,CREB1,CEBPB,positive,TGEN
839,AKT,CREB1,positive,TGEN
840,PTEN,CREB1,negative,TGEN
841,DC,CTNNB1,negative,TGEN
842,SRC,CTNNB1,positive,TGEN
843,WNT1,CTNNB1,positive,TGEN
844,YAP1,CTNNB1,positive,TGEN
845,CDKN2A,CYCLINDc,negative,TGEN
846,ESR1,CYCLINDc,positive,TGEN
847,GSK3B,CYCLINDc,negative,TGEN
848,MYC,CYCLINDc,positive,TGEN
849,p21,CYCLINDc,negative,TGEN
850,TCF7L2,CYCLINDc,positive,TGEN
851,TEAD1,CYCLINDc,positive,TGEN
852,BAK1,CYCS,positive,TGEN
853,BAX,CYCS,positive,TGEN
854,APC,DC,positive,TGEN
855,GSK3B,DC,positive,TGEN
856,FZD,DVL1,positive,TGEN
857,NF1,DVL1,positive,TGEN
858,RB,E2F,negative,TGEN
859,EGF,EGFR,positive,TGEN
860,HER2,EGFR,positive,TGEN
861,HER3,EGFR,positive,TGEN
862,MEK,EGFR,negative,TGEN
863,EIF4EBP1,EIF4,negative,TGEN
864,MEK,ERK,positive,TGEN
865,AKT,ESR1,positive,TGEN
866,ES,ESR1,positive,TGEN
867,FOXO3,ESR1,positive,TGEN
868,KMT2D,ESR1,positive,TGEN
869,PGR,ESR1,positive,TGEN
870,FAS,FADD,positive,TGEN
871,TRADD,FADD,positive,TGEN
872,AKT,FAS,negative,TGEN
873,FASLG,FAS,positive,TGEN
874,p53,FAS,positive,TGEN
875,FASLG,FASLG,positive,TGEN
876,FOXO3,FASLG,positive,TGEN
877,p53,FASLG,positive,TGEN
878,AKT,FOXO1,negative,TGEN
879,SGK1,FOXO1,negative,TGEN
880,AKT,FOXO3,negative,TGEN
881,CREB1,FZD,positive,TGEN
882,WNT1,FZD,positive,TGEN
883,STAT1,GATA3,negative,TGEN
884,EGFR,GRB2,positive,TGEN
885,IRS1,GRB2,positive,TGEN
886,LATS1,GRB2,positive,TGEN
887,SRC,GRB2,positive,TGEN
888,INSR,GRB7,positive,TGEN
889,PRKACA,GRB7,negative,TGEN
890,AKT,GSK3B,negative,TGEN
891,ERK,GSK3B,negative,TGEN
892,EGF,HER2,positive,TGEN
893,HER3,HER2,positive,TGEN
894,HER2,HER3,positive,TGEN
895,NRG1,HER3,positive,TGEN
896,CASP3,HES1,negative,TGEN
897,NICD,HES1,positive,TGEN
898,NICD,HEY1,positive,TGEN
899,IGF1,HRAS,positive,TGEN
900,NF1,HRAS,negative,TGEN
901,PI3K,HRAS,positive,TGEN
902,SOS1,HRAS,positive,TGEN
903,PDK1_pm,HSP90AA1,negative,TGEN
904,ESR1,IGF1R,positive,TGEN
905,FOXO3,IGF1R,positive,TGEN
906,IGF1,IGF1R,positive,TGEN
907,INS,IGF1R,positive,TGEN
908,SRC,IGF1R,positive,TGEN
909,NOS3,IL1B,positive,TGEN
910,RELA,IL1B,positive,TGEN
911,IL1B,IL6,positive,TGEN
912,IL6,IL6,positive,TGEN
913,IL6,IL6R,positive,TGEN
914,STAT5,IL8,positive,TGEN
915,FOXO3,INSR,positive,TGEN
916,INS,INSR,positive,TGEN
917,IGF1R,IRS1,positive,TGEN
918,INSR,IRS1,positive,TGEN
919,S6K,IRS1,negative,TGEN
920,mTORC1,EIF4EBP1,negative,TGEN
921,ABL1,JAK2,positive,TGEN
922,IL6R,JAK2,positive,TGEN
923,IL8,JAK2,positive,TGEN
924,IRS1,JAK2,positive,TGEN
925,ERK,JUN,positive,TGEN
926,MAPK8,JUN,positive,TGEN
927,PPARG,JUN,positive,TGEN
928,RELA,JUN,positive,TGEN
929,AKT,KMT2D,negative,TGEN
930,PAX7,KMT2D,positive,TGEN
931,EGFR,KRT14,positive,TGEN
932,PAK2,KRT14,positive,TGEN
933,LCK,LATS1,positive,TGEN
934,NF2,LATS1,positive,TGEN
935,AKT,LCK,negative,TGEN
936,ERK,LCK,positive,TGEN
937,RAC1,MAPK8,positive,TGEN
938,RND1,MAPK8,positive,TGEN
939,ERK,MCL1,positive,TGEN
940,GSK3B,MCL1,negative,TGEN
941,AKT,MDM2,positive,TGEN
942,p53,MDM2,positive,TGEN
943,RAF1,MEK,positive,TGEN
944,IGF1,mTORC1,positive,TGEN
945,NRG1,mTORC1,positive,TGEN
946,RHEB,mTORC1,positive,TGEN
947,PIP3,mTORC2_pm,positive,TGEN
948,S6K,mTORC2_pm,negative,TGEN
949,CTNNB1,MYC,positive,TGEN
950,EIF4,MYC,positive,TGEN
951,ERK,MYC,positive,TGEN
952,ESR1,MYC,positive,TGEN
953,GSK3B,MYC,negative,TGEN
954,PIM,MYC,positive,TGEN
955,STAT3,MYC,positive,TGEN
956,ABL1,MYOD1,negative,TGEN
957,HES1,MYOD1,negative,TGEN
958,HEY1,MYOG,negative,TGEN
959,MYOD1,MYOG,positive,TGEN
960,NOTCH1,NICD,positive,TGEN
961,PRKACA,NEDD4L,negative,TGEN
962,S6K,NEDD4L,negative,TGEN
963,SGK1,NEDD4L,negative,TGEN
964,p53,NF1,positive,TGEN
965,TWIST1,NF1,negative,TGEN
966,NEDD4L,NF2,positive,TGEN
967,NOTCH1,NFKB,positive,TGEN
968,AKT,NOS3,positive,TGEN
969,HSP90AA1,NOS3,positive,TGEN
970,CTNNB1,NOTCH1,positive,TGEN
971,DLL,NOTCH1,positive,TGEN
972,LCK,NOTCH1,positive,TGEN
973,MDM2,NOTCH1,positive,TGEN
974,AKT,p21,negative,TGEN
975,ERK,p21,negative,TGEN
976,MYC,p21,negative,TGEN
977,MDM2,p53,negative,TGEN
978,TCF7L2,PAK1,positive,TGEN
979,RAC1,PAK2,positive,TGEN
980,SRC,PAK2,positive,TGEN
981,HES1,PAX7,negative,TGEN
982,HEY1,PAX7,negative,TGEN
983,MYOG,PAX7,negative,TGEN
984,NOTCH1,PAX7,positive,TGEN
985,IGF1R,PDK1_pm,positive,TGEN
986,PIP3,PDK1_pm,positive,TGEN
987,ERK,PGR,negative,TGEN
988,ESR1,PGR,negative,TGEN
989,PG,PGR,positive,TGEN
990,EGFR,PI3K,positive,TGEN
991,ESR1,PI3K,positive,TGEN
992,IGF1R,PI3K,positive,TGEN
993,INSR,PI3K,positive,TGEN
994,IRS1,PI3K,positive,TGEN
995,RAS,PI3K,positive,TGEN
996,STAT5,PIM,positive,TGEN
997,PI3K,PIP3,positive,TGEN
998,PTEN,PIP3,negative,TGEN
999,CEBPB,PPARG,positive,TGEN
1000,GATA3,PPARG,negative,TGEN
1001,CYCLINDc,RB,negative,TGEN
1002,PRKACA,PRKAA2,negative,TGEN
1003,STK11,PRKAA2,positive,TGEN
1004,AKT,PRKACA,positive,TGEN
1005,WNT1,PRKACA,positive,TGEN
1006,S6K,PTEN,positive,TGEN
1007,SRC,PTEN,negative,TGEN
1008,AKT,RAC1,negative,TGEN
1009,DVL1,RAC1,positive,TGEN
1010,PI3K,RAC1,positive,TGEN
1011,HRAS,RAF1,positive,TGEN
1012,RAS,RAF1,positive,TGEN
1013,IGF1,RAS,positive,TGEN
1014,PI3K,RAS,positive,TGEN
1015,SOS1,RAS,positive,TGEN
1016,NFKB,RELA,positive,TGEN
1017,PIM,RELA,positive,TGEN
1018,TSC2,RHEB,negative,TGEN
1019,DVL1,RND1,positive,TGEN
1020,GRB7,RND1,positive,TGEN
1021,mTORC1,S6K,positive,TGEN
1022,mTORC1,SGK1,positive,TGEN
1023,mTORC2_pm,SGK1,positive,TGEN
1024,PDK1_pm,SGK1,positive,TGEN
1025,GRB2,SOS1,positive,TGEN
1026,ABL1,SRC,positive,TGEN
1027,PRKACA,SRC,positive,TGEN
1028,JAK2,STAT1,positive,TGEN
1029,SRC,STAT1,positive,TGEN
1030,IL1B,STAT3,positive,TGEN
1031,JAK2,STAT3,positive,TGEN
1032,MAPK8,STAT3,positive,TGEN
1033,SRC,STAT3,positive,TGEN
1034,EGFR,STAT5,positive,TGEN
1035,JAK2,STAT5,positive,TGEN
1036,SRC,STAT5,positive,TGEN
1037,ERK,STK11,negative,TGEN
1038,CTNNB1,TCF7L2,positive,TGEN
1039,JUN,TCF7L2,positive,TGEN
1040,YAP1,TEAD1,positive,TGEN
1041,KRT14,TRADD,negative,TGEN
1042,AKT,TSC2,negative,TGEN
1043,ERK,TSC2,negative,TGEN
1044,GSK3B,TSC2,positive,TGEN
1045,PRKAA2,TSC2,positive,TGEN
1046,AKT,TWIST1,positive,TGEN
1047,ERK,TWIST1,positive,TGEN
1048,MAPK8,TWIST1,positive,TGEN
1049,PGR,WNT1,positive,TGEN
1050,WNT1,WNT1,positive,TGEN
1051,ABL1,YAP1,positive,TGEN
1052,LATS1,YAP1,negative,TGEN
1053,GRB2,ABL1,positive,TM
1054,RB,ABL1,negative,TM
1055,SRC,ABL1,positive,TM
1056,ABL1,ABL2,positive,TM
1057,IGF1,AKT,positive,TM
1058,IGF1R,AKT,positive,TM
1059,IRS1,AKT,positive,TM
1060,mTORC2_pm,AKT,positive,TM
1061,NRG1,AKT,positive,TM
1062,PDK1_pm,AKT,positive,TM
1063,PIP3,AKT,positive,TM
1064,AXIN1,APC,positive,TM
1065,DVL1,AXIN1,negative,TM
1066,GSK3B,AXIN1,positive,TM
1067,AKT,BAD,negative,TM
1068,ERK,BAD,negative,TM
1069,PAK1,BAD,negative,TM
1070,PIM,BAD,negative,TM
1071,BID,BAK1,positive,TM
1072,BIM,BAK1,positive,TM
1073,MCL1,BAK1,negative,TM
1074,p53,BAK1,positive,TM
1075,BID,BAX,positive,TM
1076,BIM,BAX,positive,TM
1077,MCL1,BAX,negative,TM
1078,p53,BAX,positive,TM
1079,BAD,BCL2,negative,TM
1080,BIM,BCL2,negative,TM
1081,CREB1,BCL2,positive,TM
1082,ERK,BCL2,positive,TM
1083,BAD,BCLXL,negative,TM
1084,BIM,BCLXL,negative,TM
1085,CREB1,BCLXL,positive,TM
1086,CASP8,BID,positive,TM
1087,BCL2,BIM,negative,TM
1088,BCLXL,BIM,negative,TM
1089,FOXO1,BIM,positive,TM
1090,FOXO3,BIM,positive,TM
1091,CASP9,CASP3,positive,TM
1092,ERK,CASP8,negative,TM
1093,FADD,CASP8,positive,TM
1094,NF1,CASP8,positive,TM
1095,SRC,CASP8,negative,TM
1096,AKT,CASP9,negative,TM
1097,BCLXL,CASP9,negative,TM
1098,CASP3,CASP9,positive,TM
1099,CASP8,CASP9,positive,TM
1100,CYCS,CASP9,positive,TM
1101,ERK,CASP9,negative,TM
1102,PRKACA,CASP9,negative,TM
1103,CASP3,CDKN2A,positive,TM
1104,MYC,CDKN2A,negative,TM
1105,SRC,CDKN2A,negative,TM
1106,ABL2,CEBPB,positive,TM
1107,CREB1,CEBPB,positive,TM
1108,AKT,CREB1,positive,TM
1109,PTEN,CREB1,negative,TM
1110,DC,CTNNB1,negative,TM
1111,SRC,CTNNB1,positive,TM
1112,WNT1,CTNNB1,positive,TM
1113,YAP1,CTNNB1,positive,TM
1114,CDKN2A,CYCLINDc,negative,TM
1115,EIF4,CYCLINDc,positive,TM
1116,ESR1,CYCLINDc,positive,TM
1117,FOXO3,CYCLINDc,positive,TM
1118,GSK3B,CYCLINDc,negative,TM
1119,IGF1,CYCLINDc,positive,TM
1120,KMT2D,CYCLINDc,positive,TM
1121,MYC,CYCLINDc,positive,TM
1122,NRG1,CYCLINDc,positive,TM
1123,p21,CYCLINDc,negative,TM
1124,TCF7L2,CYCLINDc,positive,TM
1125,TEAD1,CYCLINDc,positive,TM
1126,BAK1,CYCS,positive,TM
1127,BAX,CYCS,positive,TM
1128,APC,DC,positive,TM
1129,GSK3B,DC,positive,TM
1130,FZD,DVL1,positive,TM
1131,NF1,DVL1,positive,TM
1132,RB,E2F,negative,TM
1133,EGF,EGFR,positive,TM
1134,HER2,EGFR,positive,TM
1135,HER3,EGFR,positive,TM
1136,MEK,EGFR,negative,TM
1137,EIF4EBP1,EIF4,negative,TM
1138,MEK,ERK,positive,TM
1139,AKT,ESR1,positive,TM
1140,ES,ESR1,positive,TM
1141,FOXO3,ESR1,positive,TM
1142,KMT2D,ESR1,positive,TM
1143,PGR,ESR1,positive,TM
1144,FAS,FADD,positive,TM
1145,TRADD,FADD,positive,TM
1146,AKT,FAS,negative,TM
1147,FASLG,FAS,positive,TM
1148,p53,FAS,positive,TM
1149,FASLG,FASLG,positive,TM
1150,FOXO3,FASLG,positive,TM
1151,p53,FASLG,positive,TM
1152,AKT,FOXO1,negative,TM
1153,SGK1,FOXO1,negative,TM
1154,AKT,FOXO3,negative,TM
1155,CREB1,FZD,positive,TM
1156,WNT1,FZD,positive,TM
1157,STAT1,GATA3,negative,TM
1158,EGFR,GRB2,positive,TM
1159,IRS1,GRB2,positive,TM
1160,LATS1,GRB2,positive,TM
1161,SRC,GRB2,positive,TM
1162,INSR,GRB7,positive,TM
1163,PRKACA,GRB7,negative,TM
1164,AKT,GSK3B,negative,TM
1165,ERK,GSK3B,negative,TM
1166,EGF,HER2,positive,TM
1167,HER3,HER2,positive,TM
1168,HER2,HER3,positive,TM
1169,NRG1,HER3,positive,TM
1170,NICD,HES1,positive,TM
1171,NICD,HEY1,positive,TM
1172,IGF1,HRAS,positive,TM
1173,NF1,HRAS,negative,TM
1174,PIP3,HRAS,positive,TM
1175,SOS1,HRAS,positive,TM
1176,PDK1_pm,HSP90AA1,negative,TM
1177,ESR1,IGF1R,positive,TM
1178,FOXO3,IGF1R,positive,TM
1179,IGF1,IGF1R,positive,TM
1180,INS,IGF1R,positive,TM
1181,SRC,IGF1R,positive,TM
1182,NOS3,IL1B,positive,TM
1183,RELA,IL1B,positive,TM
1184,IL1B,IL6,positive,TM
1185,IL6,IL6,positive,TM
1186,IL6,IL6R,positive,TM
1187,STAT5,IL8,positive,TM
1188,FOXO3,INSR,positive,TM
1189,INS,INSR,positive,TM
1190,IGF1R,IRS1,positive,TM
1191,INSR,IRS1,positive,TM
1192,S6K,IRS1,negative,TM
1193,mTORC1,EIF4EBP1,negative,TM
1194,ABL1,JAK2,positive,TM
1195,IL6R,JAK2,positive,TM
1196,IL8,JAK2,positive,TM
1197,IRS1,JAK2,positive,TM
1198,ERK,JUN,positive,TM
1199,MAPK8,JUN,positive,TM
1200,PPARG,JUN,positive,TM
1201,RELA,JUN,positive,TM
1202,AKT,KMT2D,negative,TM
1203,PAX7,KMT2D,positive,TM
1204,EGFR,KRT14,positive,TM
1205,PAK2,KRT14,positive,TM
1206,LCK,LATS1,positive,TM
1207,NF2,LATS1,positive,TM
1208,AKT,LCK,negative,TM
1209,ERK,LCK,positive,TM
1210,RAC1,MAPK8,positive,TM
1211,RND1,MAPK8,positive,TM
1212,ERK,MCL1,positive,TM
1213,GSK3B,MCL1,negative,TM
1214,AKT,MDM2,positive,TM
1215,p53,MDM2,positive,TM
1216,RAF1,MEK,positive,TM
1217,IGF1,mTORC1,positive,TM
1218,NRG1,mTORC1,positive,TM
1219,PIM,mTORC1,positive,TM
1220,RHEB,mTORC1,positive,TM
1221,PIP3,mTORC2_pm,positive,TM
1222,S6K,mTORC2_pm,negative,TM
1223,CTNNB1,MYC,positive,TM
1224,EIF4,MYC,positive,TM
1225,ERK,MYC,positive,TM
1226,ESR1,MYC,positive,TM
1227,FOXO3,MYC,positive,TM
1228,GSK3B,MYC,negative,TM
1229,IGF1,MYC,positive,TM
1230,KMT2D,MYC,positive,TM
1231,NRG1,MYC,positive,TM
1232,PIM,MYC,positive,TM
1233,STAT3,MYC,positive,TM
1234,ABL1,MYOD1,negative,TM
1235,HES1,MYOD1,negative,TM
1236,HEY1,MYOG,negative,TM
1237,MYOD1,MYOG,positive,TM
1238,NOTCH1,NICD,positive,TM
1239,PRKACA,NEDD4L,negative,TM
1240,SGK1,NEDD4L,negative,TM
1241,p53,NF1,positive,TM
1242,TWIST1,NF1,negative,TM
1243,NEDD4L,NF2,positive,TM
1244,NOTCH1,NFKB,positive,TM
1245,AKT,NOS3,positive,TM
1246,HSP90AA1,NOS3,positive,TM
1247,CTNNB1,NOTCH1,positive,TM
1248,DLL,NOTCH1,positive,TM
1249,LCK,NOTCH1,positive,TM
1250,MDM2,NOTCH1,positive,TM
1251,AKT,p21,negative,TM
1252,ERK,p21,negative,TM
1253,MYC,p21,negative,TM
1254,MDM2,p53,negative,TM
1255,TCF7L2,PAK1,positive,TM
1256,RAC1,PAK2,positive,TM
1257,SRC,PAK2,positive,TM
1258,HES1,PAX7,negative,TM
1259,HEY1,PAX7,negative,TM
1260,MYOG,PAX7,negative,TM
1261,NOTCH1,PAX7,positive,TM
1262,IGF1R,PDK1_pm,positive,TM
1263,PIP3,PDK1_pm,positive,TM
1264,ERK,PGR,negative,TM
1265,ESR1,PGR,negative,TM
1266,PG,PGR,positive,TM
1267,EGFR,PI3K,positive,TM
1268,ESR1,PI3K,positive,TM
1269,IGF1R,PI3K,positive,TM
1270,INSR,PI3K,positive,TM
1271,IRS1,PI3K,positive,TM
1272,RAS,PI3K,positive,TM
1273,STAT5,PIM,positive,TM
1274,PI3K,PIP3,positive,TM
1275,PTEN,PIP3,negative,TM
1276,CEBPB,PPARG,positive,TM
1277,GATA3,PPARG,negative,TM
1278,CYCLINDc,RB,negative,TM
1279,PRKACA,PRKAA2,negative,TM
1280,STK11,PRKAA2,positive,TM
1281,AKT,PRKACA,positive,TM
1282,WNT1,PRKACA,positive,TM
1283,S6K,PTEN,positive,TM
1284,SRC,PTEN,negative,TM
1285,AKT,RAC1,negative,TM
1286,DVL1,RAC1,positive,TM
1287,PI3K,RAC1,positive,TM
1288,HRAS,RAF1,positive,TM
1289,RAS,RAF1,positive,TM
1290,IGF1,RAS,positive,TM
1291,PIP3,RAS,positive,TM
1292,SOS1,RAS,positive,TM
1293,NFKB,RELA,positive,TM
1294,PIM,RELA,positive,TM
1295,TSC2,RHEB,negative,TM
1296,DVL1,RND1,positive,TM
1297,GRB7,RND1,positive,TM
1298,mTORC1,S6K,positive,TM
1299,mTORC1,SGK1,positive,TM
1300,mTORC2_pm,SGK1,positive,TM
1301,PDK1_pm,SGK1,positive,TM
1302,GRB2,SOS1,positive,TM
1303,ABL1,SRC,positive,TM
1304,PRKACA,SRC,positive,TM
1305,JAK2,STAT1,positive,TM
1306,SRC,STAT1,positive,TM
1307,IL1B,STAT3,positive,TM
1308,JAK2,STAT3,positive,TM
1309,MAPK8,STAT3,positive,TM
1310,SRC,STAT3,positive,TM
1311,EGFR,STAT5,positive,TM
1312,JAK2,STAT5,positive,TM
1313,SRC,STAT5,positive,TM
1314,ERK,STK11,negative,TM
1315,CTNNB1,TCF7L2,positive,TM
1316,JUN,TCF7L2,positive,TM
1317,YAP1,TEAD1,positive,TM
1318,KRT14,TRADD,negative,TM
1319,AKT,TSC2,negative,TM
1320,ERK,TSC2,negative,TM
1321,GSK3B,TSC2,positive,TM
1322,PRKAA2,TSC2,positive,TM
1323,AKT,TWIST1,positive,TM
1324,ERK,TWIST1,positive,TM
1325,MAPK8,TWIST1,positive,TM
1326,ABL1,YAP1,positive,TM
1327,LATS1,YAP1,negative,TM
1328,GRB2,ABL1,positive,TT
1329,ABL1,ABL2,positive,TT
1330,EGF,AKT,positive,TT
1331,EGFR,AKT,positive,TT
1332,IGF1R,AKT,positive,TT
1333,IRS1,AKT,positive,TT
1334,mTORC2_pm,AKT,positive,TT
1335,PDK1_pm,AKT,positive,TT
1336,PIP3,AKT,positive,TT
1337,AXIN1,APC,positive,TT
1338,DVL1,AXIN1,negative,TT
1339,GSK3B,AXIN1,positive,TT
1340,AKT,BAD,negative,TT
1341,ERK,BAD,negative,TT
1342,PAK1,BAD,negative,TT
1343,PIM,BAD,negative,TT
1344,BID,BAK1,positive,TT
1345,BIM,BAK1,positive,TT
1346,MCL1,BAK1,negative,TT
1347,p53,BAK1,positive,TT
1348,BID,BAX,positive,TT
1349,BIM,BAX,positive,TT
1350,MCL1,BAX,negative,TT
1351,p53,BAX,positive,TT
1352,BAD,BCL2,negative,TT
1353,BIM,BCL2,negative,TT
1354,CREB1,BCL2,positive,TT
1355,ERK,BCL2,positive,TT
1356,BAD,BCLXL,negative,TT
1357,BIM,BCLXL,negative,TT
1358,CREB1,BCLXL,positive,TT
1359,CASP8,BID,positive,TT
1360,BCL2,BIM,negative,TT
1361,BCLXL,BIM,negative,TT
1362,FOXO1,BIM,positive,TT
1363,FOXO3,BIM,positive,TT
1364,CASP8,CASP3,positive,TT
1365,CASP9,CASP3,positive,TT
1366,ERK,CASP8,negative,TT
1367,FADD,CASP8,positive,TT
1368,SRC,CASP8,negative,TT
1369,AKT,CASP9,negative,TT
1370,CASP3,CASP9,positive,TT
1371,CASP8,CASP9,positive,TT
1372,CYCS,CASP9,positive,TT
1373,ERK,CASP9,negative,TT
1374,CASP3,CDKN2A,positive,TT
1375,MYC,CDKN2A,negative,TT
1376,SRC,CDKN2A,negative,TT
1377,ABL2,CEBPB,positive,TT
1378,AKT,CREB1,positive,TT
1379,SGK1,CREB1,positive,TT
1380,DC,CTNNB1,negative,TT
1381,WNT1,CTNNB1,positive,TT
1382,CDKN2A,CYCLINDc,negative,TT
1383,EIF4,CYCLINDc,positive,TT
1384,ERK,CYCLINDc,positive,TT
1385,ESR1,CYCLINDc,positive,TT
1386,FOXO3,CYCLINDc,positive,TT
1387,GSK3B,CYCLINDc,negative,TT
1388,IGF1,CYCLINDc,positive,TT
1389,KMT2D,CYCLINDc,positive,TT
1390,MYC,CYCLINDc,positive,TT
1391,NRG1,CYCLINDc,positive,TT
1392,p21,CYCLINDc,negative,TT
1393,TCF7L2,CYCLINDc,positive,TT
1394,TEAD1,CYCLINDc,positive,TT
1395,BAK1,CYCS,positive,TT
1396,BAX,CYCS,positive,TT
1397,APC,DC,positive,TT
1398,GSK3B,DC,positive,TT
1399,FZD,DVL1,positive,TT
1400,YAP1,DVL1,negative,TT
1401,RB,E2F,negative,TT
1402,EGF,EGFR,positive,TT
1403,HER2,EGFR,positive,TT
1404,HER3,EGFR,positive,TT
1405,MEK,EGFR,negative,TT
1406,RELA,EGFR,positive,TT
1407,EIF4EBP1,EIF4,negative,TT
1408,MEK,ERK,positive,TT
1409,AKT,ESR1,positive,TT
1410,ES,ESR1,positive,TT
1411,FOXO3,ESR1,positive,TT
1412,KMT2D,ESR1,positive,TT
1413,PGR,ESR1,positive,TT
1414,FAS,FADD,positive,TT
1415,TRADD,FADD,positive,TT
1416,AKT,FAS,negative,TT
1417,FASLG,FAS,positive,TT
1418,p53,FAS,positive,TT
1419,FASLG,FASLG,positive,TT
1420,FOXO3,FASLG,positive,TT
1421,p53,FASLG,positive,TT
1422,AKT,FOXO1,negative,TT
1423,SGK1,FOXO1,negative,TT
1424,AKT,FOXO3,negative,TT
1425,WNT1,FZD,positive,TT
1426,STAT1,GATA3,negative,TT
1427,EGFR,GRB2,positive,TT
1428,HER2,GRB2,positive,TT
1429,IRS1,GRB2,positive,TT
1430,SRC,GRB2,positive,TT
1431,INSR,GRB7,positive,TT
1432,PRKACA,GRB7,negative,TT
1433,AKT,GSK3B,negative,TT
1434,ERK,GSK3B,negative,TT
1435,ESR1,HER2,positive,TT
1436,FOXO3,HER2,positive,TT
1437,HER3,HER2,positive,TT
1438,HER2,HER3,positive,TT
1439,NRG1,HER3,positive,TT
1440,NICD,HES1,positive,TT
1441,NICD,HEY1,positive,TT
1442,NF1,HRAS,negative,TT
1443,PIP3,HRAS,positive,TT
1444,SOS1,HRAS,positive,TT
1445,ESR1,HSP90AA1,positive,TT
1446,PDK1_pm,HSP90AA1,negative,TT
1447,ESR1,IGF1R,positive,TT
1448,FOXO3,IGF1R,positive,TT
1449,IGF1,IGF1R,positive,TT
1450,NOS3,IL1B,positive,TT
1451,RELA,IL1B,positive,TT
1452,IL1B,IL6,positive,TT
1453,IL6,IL6,positive,TT
1454,IL6,IL6R,positive,TT
1455,STAT3,IL6R,positive,TT
1456,STAT5,IL8,positive,TT
1457,FOXO3,INSR,positive,TT
1458,INS,INSR,positive,TT
1459,IGF1R,IRS1,positive,TT
1460,INSR,IRS1,positive,TT
1461,S6K,IRS1,negative,TT
1462,mTORC1,EIF4EBP1,negative,TT
1463,ABL1,JAK2,positive,TT
1464,IL6R,JAK2,positive,TT
1465,IL8,JAK2,positive,TT
1466,IRS1,JAK2,positive,TT
1467,ERK,JUN,positive,TT
1468,MAPK8,JUN,positive,TT
1469,PPARG,JUN,positive,TT
1470,RELA,JUN,positive,TT
1471,AKT,KMT2D,negative,TT
1472,PAX7,KMT2D,positive,TT
1473,EGFR,KRT14,positive,TT
1474,PAK2,KRT14,positive,TT
1475,LCK,LATS1,positive,TT
1476,NF2,LATS1,positive,TT
1477,AKT,LCK,negative,TT
1478,ERK,LCK,positive,TT
1479,RAC1,MAPK8,positive,TT
1480,RND1,MAPK8,positive,TT
1481,ERK,MCL1,positive,TT
1482,GSK3B,MCL1,negative,TT
1483,AKT,MDM2,positive,TT
1484,p53,MDM2,positive,TT
1485,RAF1,MEK,positive,TT
1486,IGF1,mTORC1,positive,TT
1487,NRG1,mTORC1,positive,TT
1488,PIM,mTORC1,positive,TT
1489,RHEB,mTORC1,positive,TT
1490,PIP3,mTORC2_pm,positive,TT
1491,S6K,mTORC2_pm,negative,TT
1492,CTNNB1,MYC,positive,TT
1493,EIF4,MYC,positive,TT
1494,ERK,MYC,positive,TT
1495,ESR1,MYC,positive,TT
1496,FOXO3,MYC,positive,TT
1497,GSK3B,MYC,negative,TT
1498,IGF1,MYC,positive,TT
1499,JAK2,MYC,positive,TT
1500,KMT2D,MYC,positive,TT
1501,NRG1,MYC,positive,TT
1502,PIM,MYC,positive,TT
1503,STAT3,MYC,positive,TT
1504,HES1,MYOD1,negative,TT
1505,NF2,MYOD1,negative,TT
1506,HEY1,MYOG,negative,TT
1507,MYOD1,MYOG,positive,TT
1508,NOTCH1,NICD,positive,TT
1509,SGK1,NEDD4L,negative,TT
1510,TWIST1,NF1,negative,TT
1511,NEDD4L,NF2,positive,TT
1512,NOTCH1,NFKB,positive,TT
1513,AKT,NOS3,positive,TT
1514,HSP90AA1,NOS3,positive,TT
1515,CTNNB1,NOTCH1,positive,TT
1516,DLL,NOTCH1,positive,TT
1517,LCK,NOTCH1,positive,TT
1518,AKT,p21,negative,TT
1519,ERK,p21,negative,TT
1520,MYC,p21,negative,TT
1521,MDM2,p53,negative,TT
1522,PDK1_pm,PAK1,positive,TT
1523,RAC1,PAK1,positive,TT
1524,TCF7L2,PAK1,positive,TT
1525,RAC1,PAK2,positive,TT
1526,SRC,PAK2,positive,TT
1527,MYOG,PAX7,negative,TT
1528,IGF1R,PDK1_pm,positive,TT
1529,PIP3,PDK1_pm,positive,TT
1530,ERK,PGR,negative,TT
1531,ESR1,PGR,negative,TT
1532,PG,PGR,positive,TT
1533,EGFR,PI3K,positive,TT
1534,ESR1,PI3K,positive,TT
1535,IGF1R,PI3K,positive,TT
1536,IRS1,PI3K,positive,TT
1537,NFKB,PIM,positive,TT
1538,PI3K,PIP3,positive,TT
1539,PTEN,PIP3,negative,TT
1540,CEBPB,PPARG,positive,TT
1541,GATA3,PPARG,negative,TT
1542,CYCLINDc,RB,negative,TT
1543,STK11,PRKAA2,positive,TT
1544,AKT,PRKACA,positive,TT
1545,WNT1,PRKACA,positive,TT
1546,S6K,PTEN,positive,TT
1547,SRC,PTEN,negative,TT
1548,AKT,RAC1,negative,TT
1549,DVL1,RAC1,positive,TT
1550,PI3K,RAC1,positive,TT
1551,HRAS,RAF1,positive,TT
1552,RAS,RAF1,positive,TT
1553,PIP3,RAS,positive,TT
1554,SOS1,RAS,positive,TT
1555,NFKB,RELA,positive,TT
1556,PIM,RELA,positive,TT
1557,TSC2,RHEB,negative,TT
1558,DVL1,RND1,positive,TT
1559,GRB7,RND1,positive,TT
1560,ERK,S6K,positive,TT
1561,mTORC1,S6K,positive,TT
1562,mTORC1,SGK1,positive,TT
1563,mTORC2_pm,SGK1,positive,TT
1564,PDK1_pm,SGK1,positive,TT
1565,GRB2,SOS1,positive,TT
1566,PRKACA,SRC,positive,TT
1567,EGFR,STAT1,positive,TT
1568,JAK2,STAT1,positive,TT
1569,SRC,STAT1,positive,TT
1570,IL1B,STAT3,positive,TT
1571,JAK2,STAT3,positive,TT
1572,MAPK8,STAT3,positive,TT
1573,SRC,STAT3,positive,TT
1574,JAK2,STAT5,positive,TT
1575,ERK,STK11,negative,TT
1576,FOXO3,STK11,positive,TT
1577,CTNNB1,TCF7L2,positive,TT
1578,JUN,TCF7L2,positive,TT
1579,YAP1,TEAD1,positive,TT
1580,KRT14,TRADD,negative,TT
1581,AKT,TSC2,negative,TT
1582,ERK,TSC2,negative,TT
1583,GSK3B,TSC2,positive,TT
1584,PRKAA2,TSC2,positive,TT
1585,ERK,TWIST1,positive,TT
1586,ABL1,YAP1,positive,TT
1587,LATS1,YAP1,negative,TT
