index,BS,HS,SS,BL,HL,SL,Z17,Z21,TGEN,MCF7,T47D,Our notation,Input in merge,Notes
1,erlotinib,erlotinib,erlotinib,erlotinib,erlotinib,erlotinib,,,,,,erlotinib,input,
2,pertuzumab,pertuzumab,pertuzumab,pertuzumab,pertuzumab,pertuzumab,,,,,,pertuzumab,input,
3,trastuzumab,trastuzumab,trastuzumab,trastuzumab,trastuzumab,trastuzumab,,,,,,trastuzumab,input,
4,EGF,EGF,EGF,,,,,,EGF,EGF,EGF,EGF,input,
5,HRG,HRG,HRG,,,,,HER3_microenvironment,NRG1,NRG1,NRG1,NRG1,input,"HRG (heregulin) is an established synonim of NRG1 (neuregulin), the ligand of HER3. The official name is NRG1."
6,,,,stimulus,stimulus,stimulus,,,,,,stimulus,input,"stimuli from the growth medium, assumed to be 1."
7,,,,,,,Alpelisib,Alpelisib,,,,Alpelisib,input,
8,,,,,,,Everolimus,Everolimus,,,,Everolimus,input,
9,,,,,,,Fulvestrant,Fulvestrant,,,,Fulvestrant,input,
10,,,,,,,Ipatasertib,Ipatasertib,,,,Ipatasertib,input,
11,,,,,,,Neratinib,Neratinib,,,,Neratinib,input,
12,,,,,,,Palbociclib,Palbociclib,,,,Palbociclib,input,
13,,,,,,,Trametinib,Trametinib,,,,Trametinib,input,
14,,,,,,,BCL2_T,BCL2_T,,,,BCL2_T,input,Transcript of BCL2
15,,,,,,,BIM_T,BIM_T,,,,BIM_T,input,Transcript of BIM
16,,,,,,,ER,ER,,,,ER,input,Basal estrogen receptor activity
17,,,,,,,HER3_T,HER3_T,,,,HER3_T,input,
18,,,,,,,PDK1,PDK1,,,,PDK1,input,
19,,,,,,,SGK1_T,SGK1_T,,,,SGK1_T,input,
20,,,,,,,,Navitoclax,,,,Navitoclax,input,
21,,,,,,,,S63845,,,,S63845,input,
22,,,,,,,,BCLXL_T,,,,BCLXL_T,input,
23,,,,,,,,p27_T,,,,p27_T,input,
24,,,,,,,,ER_microenvironment,ES,ES,ES,ES,input,presence of estrogen in the microenvironment
25,,,,,,,,MCL1_T,,,,MCL1_T,input,Transcript of MCL1
26,,,,,,,,,DLL_i,DLL_i,DLL_i,DLL,input,
27,,,,,,,,,IGF1,IGF1,IGF1,IGF1,input,
28,,,,,,,,,INS,INS,INS,INS,input,
29,,,,,,,,,PG,PG,PG,PG,input,
30,,,,,,,,,WNT1,WNT1,WNT1,WNT1,input,
31,,,,,,,,,,,,,,
32,,,,,,,IGF1R_T,IGF1R_T,,,,IGF1R_T,constant 1,
33,,,,,,,,IGF1R_T_2,,,,IGF1R_T_2,constant 0,
34,,,,,,,,MYC_T,,,,MYC_T,constant 0,
35,,,,,,,PBX1,PBX1,,,,PBX1,constant 1,
36,,,,,,,,PTEN_T,,,,PTEN_T,constant 1,assumed to be 1
37,,,,,,,,PTEN_T_2,,,,PTEN_T_2,constant 0,assumed to be 0
38,,,,,,,,Rb_T,,,,Rb_T,constant 1,
39,,,,,,,,,,,,,,
40,AKT,AKT,AKT,AKT,AKT,AKT,AKT,AKT,AKT_i,AKT_i,AKT_i,AKT,,
41,ERBB1,ERBB1,ERBB1,ERBB1,ERBB1,ERBB1,,,EGFR,EGFR,EGFR,EGFR,,The official name of ERBB1 is EGFR
42,ERBB2,ERBB2,ERBB2,ERBB2,ERBB2,ERBB2,HER2,HER2,HER2,HER2,HER2,HER2,,ERBB2 and HER2 are the same protein in two different naming systems. HER2 is an input in Z17.
43,ERBB3,ERBB3,ERBB3,ERBB3,ERBB3,ERBB3,HER3,HER3,HER3,HER3,HER3,HER3,,ERBB3 and HER3 are the same protein in two different naming systems
44,ERK1_2,ERK1_2,ERK1_2,ERK1_2,ERK1_2,ERK1_2,,,ERK_i,ERK_i,ERK_i,ERK,,The Z17 and Z21 models don't have ERK because they have a merged MAPK node
45,MEK1_2,MEK1_2,MEK1_2,,,,,,MEK_i,MEK_i,MEK_i,MEK,,The Z17 and Z21 models don't have MEK because they have a merged MAPK node
46,mTOR,mTOR,mTOR,,,,mTORC1,mTORC1,MTORC1_c,MTORC1_c,MTORC1_c,mTORC1,,The generic mTOR node is most consistent with the specific mTORC1 complex based on its interactions.
47,p70S6K,p70S6K,p70S6K,p70S6K,p70S6K,p70S6K,S6K,S6K,S6K1,S6K1,S6K1,S6K,,The current notation of the p70 S6 kinase is S6K
48,PDK1,PDK1,PDK1,,,, PDK1_pm,PDK1_pm,PDPK1,PDPK1,PDPK1,PDK1_pm,,The protein PDK1 is encoded by the gene PDPK1. Its active form is the membrane-localized one.
49,PKCa,PKCa,PKCa,,,,,,,,,PKCa,,
50,PLCg,PLCg,PLCg,,,,,,,,,PLCg,,
51,,,,cJUN,cJUN,cJUN,,,JUN,JUN,JUN,JUN,,JUN is the official gene symbol for cJUN
52,,,,cRAF,cRAF,cRAF,,,RAF1,RAF1,RAF1,RAF1,,RAF1 is the official gene symbol for cRAF
53,,,,CyclinB1,CyclinB1,CyclinB1,,,,,,CyclinB1,,
54,,,,CyclinD1,CyclinD1,CyclinD1,cyclinD,cyclinD,,,,CyclinD1,,
55,,,,FoxO1_3a,FOXO1_3a,FoxO1_3a,,,,,,FOXO1FOXO3,,Refers both to FOXO1 and FOXO3. Other models have  separate FOXO1 and FOXO3 nodes.
56,,,,GSK3a_b,GSKa_b,GSKa_b,,,GSK3B,GSK3B,GSK3B,GSK3B,,The notation GSKa_b was meant to be GSK3a_b
57,,,,p38,p38,p38,,,,,,p38,,
58,,,,p53,p53,p53,,,P53,P53,P53,p53,,
59,,,,PRAS,PRAS,PRAS,PRAS40,PRAS40,,,,PRAS40,,
60,,,,PTEN,PTEN,PTEN,PTEN,PTEN,PTEN,PTEN,PTEN,PTEN,,PTEN is an input in Z17
61,,,,,,,,PTEN_2,,,,PTEN_2,,
62,,,,RB,RB,RB,,,PRB,PRB,PRB,RB,,unphosphorylated RB protein. The Z17 and Z21 models represent the unphosphorylated RB protein as the state 0 of pRB
63,,,,,,,pRb,pRb,,,,pRB,,"phosphorylated RB protein, has the opposite effect as RB"
64,,,,RPS6,RPS6,RPS6,,,,,,RPS6,,
65,,,,TSC2,TSC2,TSC2,TSC,TSC,TSC2,TSC2,TSC2,TSC2,,
66,,,,Nfkb,,Nfkb,,,NFKB1,NFKB1,NFKB1,NFKB,,
67,,,,,,BAX,,,BAX,BAX,BAX,BAX,,
68,,,,,,,Apoptosis,Apoptosis,,,,Apoptosis,,
69,,,,,,,Apoptosis_2,Apoptosis_2,,,,Apoptosis_2,,
70,,,,,,,Apoptosis_3,Apoptosis_3,,,,Apoptosis_3,,
71,,,,,,,BAD,BAD,BAD,BAD,BAD,BAD,,
72,,,,,,,BCL2,BCL2,BCL2,BCL2,BCL2,BCL2,,
73,,,,,,,BIM,BIM,BIM,BIM,BIM,BIM,,
74,,,,,,,CDK46,CDK46,,,,CDK46,,merged node representative of CDK4 or CDK6
75,,,,,,,E2F,E2F,E2F1,E2F1,E2F1,E2F,,
76,,,,,,,E2F_2,E2F_2,,,,E2F_2,,
77,,,,,,,E2F_3,,,,,E2F_3,,
78,,,,,,,EIF4F,EIF4F,EIF4E,EIF4E,EIF4E,EIF4,,The EIF4F node of Z17 and Z21 also includes EIF4E and EIF4A. We choose to use a generic EIF4 notation.
79,,,,,,,ER_transcription,ER_transcription,,,,ER_transcription,,
80,,,,,,,ER_transcription_2,ER_transcription_2,,,,ER_transcription_2,,
81,,,,,,,ESR1,ESR1,ESR1,ESR1,ESR1,ESR1,,Estrogen receptor
82,,,,,,,ESR1_2,ESR1_2,,,,ESR1_2,,
83,,,,,,,FOXA1,FOXA1,,,,FOXA1,,FOXA1 is an input in Z21
84,,,,,,,FOXO3,FOXO3,FOXO3,FOXO3,FOXO3,FOXO3,,
85,,,,,,,FOXO3_Ub,FOXO3_Ub,,,,FOXO3_Ub,,
86,,,,,,,HER2_3,HER2_3,,,,HER2HER3c,,Complex formed by HER2 and HER3
87,,,,,,,HER2_3_2,HER2_3_2,,,,HER2HER3c_2,,
88,,,,,,,HER3_2,HER3_2,,,,HER3_2,,
89,,,,,,,IGF1R,IGF1R,IGF1R,IGF1R,IGF1R,IGF1R,,
90,,,,,,,IGF1R_2,IGF1R_2,,,,IGF1R_2,,
91,,,,,,,KMT2D,KMT2D,KMT2D,KMT2D,KMT2D,KMT2D,,
92,,,,,,,MAPK,MAPK,,,,MAPK,,"Merger of RAF, ERK and MEK, specific to the Z17 and Z21 models"
93,,,,,,,MAPK_2,MAPK_2,,,,MAPK_2,,
94,,,,,,,MCL1,MCL1,MCL1,MCL1,MCL1,MCL1,,
95,,,,,,,MYC,MYC,MYC,MYC,MYC,MYC,,
96,,,,,,,MYC_2,MYC_2,,,,MYC_2,,
97,,,,,,,PI3K,PI3K,PI3K_c,PI3K_c,PI3K_c,PI3K,,
98,,,,,,,PI3K_2,PI3K_2,,,,PI3K_2,,
99,,,,,,,PIP3,PIP3,PIP3,PIP3,PIP3,PIP3,,
100,,,,,,,PIP3_2,PIP3_2,,,,PIP3_2,,
101,,,,,,,RAS,RAS,RAS_i,RAS_i,RAS_i,RAS,,
102,,,,,,,RAS_2,RAS_2,,,,RAS_2,,
103,,,,,,,RAS_3,RAS_3,,,,RAS_3,,
104,,,,,,,SGK1,SGK1,SGK1,SGK1,SGK1,SGK1,,
105,,,,,,,Translation,Translation,,,,Translation,,
106,,,,,,,cycD_CDK46,cycD_CDK46,CYCLIN_D_c,CYCLIN_D_c,CYCLIN_D_c,CYCLINDc,,complex formed by cyclin D and CDK4 or CDK6
107,,,,,,,cycD_CDK46_2,cycD_CDK46_2,,,,CYCLINDc_2,,
108,,,,,,,cycE_CDK2,cycE_CDK2,,,,cycE_CDK2,,
109,,,,,,,cycE_CDK2_T,cycE_CDK2_T,,,,cycE_CDK2T,,
110,,,,,,,cyclinD_2,cyclinD_2,,,,CyclinD_2,,
111,,,,,,,mTORC2,mTORC2,MTORC2_c,MTORC2_c,MTORC2_c,mTORC2,,
112,,,,,,,mTORC2_pm,mTORC2_pm,,,,mTORC2_pm,,
113,,,,,,,p21_p27,p21_p27,,,,p21_p27,,merger of p21 and p27
114,,,,,,,p21_p27_T,p21_p27_T,,,,p21_p27_T,,
115,,,,,,,pRb_2,pRb_2,,,,pRB_2,,
116,,,,,,,pRb_3,,,,,pRB_3,,
117,,,,,,,Proliferation,Proliferation,,,,Proliferation,,
118,,,,,,,Proliferation_2,Proliferation_2,,,,Proliferation_2,,
119,,,,,,,Proliferation_3,Proliferation_3,,,,Proliferation_3,,
120,,,,,,,Proliferation_4,,,,,Proliferation_4,,
121,,,,,,,,BCLXL,BCLXL,BCLXL,BCLXL,BCLXL,,
122,,,,,,,,ER_transcription_feedback_1,,,,ER_transcription_feedback_1,,
123,,,,,,,,ER_transcription_feedback_2,,,,ER_transcription_feedback_2,,
124,,,,,,,,MYC_targets,,,,MYC_targets,,
125,,,,,,,,MYC_targets_2,,,,MYC_targets_2,,
126,,,,,,,,p21_T,,,,p21_T,,
127,,,,,,,,p21_T_2,,,,p21_T_2,,
128,,,,,,,,,ABL1,ABL1,ABL1,ABL1,,
129,,,,,,,,,ABL2,ABL2,ABL2,ABL2,,
130,,,,,,,,,APC,APC,APC,APC,,
131,,,,,,,,,AXIN1,AXIN1,AXIN1,AXIN1,,
132,,,,,,,,,BAK1,BAK1,BAK1,BAK1,,
133,,,,,,,,,BID,BID,BID,BID,,
134,,,,,,,,,CASP3,CASP3,CASP3,CASP3,,
135,,,,,,,,,CASP8,CASP8,CASP8,CASP8,,
136,,,,,,,,,CASP9,CASP9,CASP9,CASP9,,
137,,,,,,,,,CDKN2A,CDKN2A,CDKN2A,CDKN2A,,
138,,,,,,,,,CEBPB,CEBPB,CEBPB,CEBPB,,
139,,,,,,,,,CREB1,CREB1,CREB1,CREB1,,
140,,,,,,,,,CTNNB1,CTNNB1,CTNNB1,CTNNB1,,
141,,,,,,,,,CYCS,CYCS,CYCS,CYCS,,
142,,,,,,,,,DC,DC,DC,DC,,beta-catenin destruction complex
143,,,,,,,,,DVL1,DVL1,DVL1,DVL1,,
144,,,,,,,,,FADD,FADD,FADD,FADD,,
145,,,,,,,,,FAS,FAS,FAS,FAS,,
146,,,,,,,,,FASLG,FASLG,FASLG,FASLG,,
147,,,,,,,,,FOXO1,FOXO1,FOXO1,FOXO1,,
148,,,,,,,,,FZD3,FZD3,FZD3,FZD3,,
149,,,,,,,,,GATA3,GATA3,GATA3,GATA3,,
150,,,,,,,,,GRB2,GRB2,GRB2,GRB2,,
151,,,,,,,,,GRB7,GRB7,GRB7,GRB7,,
152,,,,,,,,,HES1,HES1,HES1,HES1,,
153,,,,,,,,,HEY1,HEY1,HEY1,HEY1,,
154,,,,,,,,,HRAS,HRAS,HRAS,HRAS,,
155,,,,,,,,,HSP90AA1,HSP90AA1,HSP90AA1,HSP90AA1,,
156,,,,,,,,,IL1B,IL1B,IL1B,IL1B,,
157,,,,,,,,,IL6,IL6,IL6,IL6,,
158,,,,,,,,,IL6R,IL6R,IL6R,IL6R,,
159,,,,,,,,,IL8,IL8,IL8,IL8,,
160,,,,,,,,,INSR,INSR,INSR,INSR,,
161,,,,,,,,,IRS1,IRS1,IRS1,IRS1,,
162,,,,,,,,,IVEBP1,IVEBP1,IVEBP1,EIF4EBP1,,the corect notation is 4EBP1 / EIF4EBP1
163,,,,,,,,,JAK2,JAK2,JAK2,JAK2,,
164,,,,,,,,,KRT14,KRT14,KRT14,KRT14,,
165,,,,,,,,,LATS1,LATS1,LATS1,LATS1,,
166,,,,,,,,,LCK,LCK,LCK,LCK,,
167,,,,,,,,,MAPK8,MAPK8,MAPK8,MAPK8,,
168,,,,,,,,,MDM2,MDM2,MDM2,MDM2,,
169,,,,,,,,,MYOD1,MYOD1,MYOD1,MYOD1,,
170,,,,,,,,,MYOG,MYOG,MYOG,MYOG,,
171,,,,,,,,,NCID,NCID,NCID,NICD,,"intracellular domain of Notch receptor, NICD is the correct spelling"
172,,,,,,,,,NEDD4L,NEDD4L,NEDD4L,NEDD4L,,
173,,,,,,,,,NF1,NF1,NF1,NF1,,
174,,,,,,,,,NF2,NF2,NF2,NF2,,
175,,,,,,,,,NOS3,NOS3,NOS3,NOS3,,
176,,,,,,,,,NOTCH1,NOTCH1,NOTCH1,NOTCH1,,
177,,,,,,,,,P21,P21,P21,p21,,
178,,,,,,,,,PAK1,PAK1,PAK1,PAK1,,
179,,,,,,,,,PAK2,PAK2,PAK2,PAK2,,
180,,,,,,,,,PAX7,PAX7,PAX7,PAX7,,
181,,,,,,,,,PGR,PGR,PGR,PGR,,
182,,,,,,,PIM,PIM,PIM,PIM,PIM,PIM,,PIM is an input in Z17 and Z21
183,,,,,,,,,PPARG,PPARG,PPARG,PPARG,,
184,,,,,,,,,PRKAA2,PRKAA2,PRKAA2,PRKAA2,,
185,,,,,,,,,PRKACA,PRKACA,PRKACA,PRKACA,,
186,,,,,,,,,RAC1,RAC1,RAC1,RAC1,,
187,,,,,,,,,RELA,RELA,RELA,RELA,,
188,,,,,,,,,RHEB,RHEB,RHEB,RHEB,,
189,,,,,,,,,RND1,RND1,RND1,RND1,,
190,,,,,,,,,SOS1,SOS1,SOS1,SOS1,,
191,,,,,,,,,SRC,SRC,SRC,SRC,,
192,,,,,,,,,STAT1,STAT1,STAT1,STAT1,,
193,,,,,,,,,STAT3,STAT3,STAT3,STAT3,,
194,,,,,,,,,STAT5,STAT5,STAT5,STAT5,,
195,,,,,,,,,STK11,STK11,STK11,STK11,,
196,,,,,,,,,TCF4,TCF4,TCF4,TCF7L2,,"TCF7L2 is the correct name, TCF4 can be confused with a different protein"
197,,,,,,,,,TEAD1,TEAD1,TEAD1,TEAD1,,
198,,,,,,,,,TRADD,TRADD,TRADD,TRADD,,
199,,,,,,,,,TWIST1,TWIST1,TWIST1,TWIST1,,
200,,,,,,,,,YAP1,YAP1,YAP1,YAP1,,