BBM node,Model,Input in original,Our notation,Input in merge
AKT,BL,,AKT,
CyclinB1,BL,,CyclinB1,
CyclinD1,BL,,CyclinD1,
ERBB1,BL,,EGFR,
ERBB2,BL,,HER2,
ERBB3,BL,,HER3,
ERK1_2,BL,,ERK,
FoxO1_3a,BL,,FOXO1FOXO3,
GSK3a_b,BL,,GSK3B,
Nfkb,BL,input,NFKB,
PRAS,BL,,PRAS40,
PTEN,BL,,PTEN,
RB,BL,,RB,
RPS6,BL,,RPS6,
TSC2,BL,,TSC2,
cJUN,BL,,JUN,
cRAF,BL,,RAF1,
erlotinib,BL,input,erlotinib,input
p38,BL,,p38,
p53,BL,,p53,
p70S6K,BL,,S6K,
pertuzumab,BL,input,pertuzumab,input
stimulus,BL,input,stimulus,input
trastuzumab,BL,input,trastuzumab,input
AKT,HL,,AKT,
CyclinB1,HL,,CyclinB1,
CyclinD1,HL,,CyclinD1,
ERBB1,HL,,EGFR,
ERBB2,HL,,HER2,
ERBB3,HL,,HER3,
ERK1_2,HL,,ERK,
FOXO1_3a,HL,,FOXO1FOXO3,
GSKa_b,HL,,GSK3B,
PRAS,HL,,PRAS40,
PTEN,HL,,PTEN,
RB,HL,,RB,
RPS6,HL,,RPS6,
TSC2,HL,,TSC2,
cJUN,HL,,JUN,
cRAF,HL,,RAF1,
erlotinib,HL,input,erlotinib,input
p38,HL,,p38,
p53,HL,,p53,
p70S6K,HL,,S6K,
pertuzumab,HL,input,pertuzumab,input
stimulus,HL,input,stimulus,input
trastuzumab,HL,input,trastuzumab,input
AKT,BS,,AKT,
EGF,BS,input,EGF,input
ERBB1,BS,,EGFR,
ERBB2,BS,,HER2,
ERBB3,BS,,HER3,
ERK1_2,BS,,ERK,
HRG,BS,input,NRG1,input
MEK1_2,BS,,MEK,
PDK1,BS,,PDK1_pm,
PKCa,BS,,PKCa,
PLCg,BS,,PLCg,
erlotinib,BS,input,erlotinib,input
mTOR,BS,,mTORC1,
p70S6K,BS,,S6K,
pertuzumab,BS,input,pertuzumab,input
trastuzumab,BS,input,trastuzumab,input
AKT,HS,,AKT,
EGF,HS,input,EGF,input
ERBB1,HS,,EGFR,
ERBB2,HS,,HER2,
ERBB3,HS,,HER3,
ERK1_2,HS,,ERK,
HRG,HS,input,NRG1,input
MEK1_2,HS,,MEK,
PDK1,HS,,PDK1_pm,
PKCa,HS,,PKCa,
PLCg,HS,,PLCg,
erlotinib,HS,input,erlotinib,input
mTOR,HS,,mTORC1,
p70S6K,HS,,S6K,
pertuzumab,HS,input,pertuzumab,input
trastuzumab,HS,input,trastuzumab,input
AKT,SS,,AKT,
EGF,SS,input,EGF,input
ERBB1,SS,,EGFR,
ERBB2,SS,,HER2,
ERBB3,SS,,HER3,
ERK1_2,SS,,ERK,
HRG,SS,input,NRG1,input
MEK1_2,SS,,MEK,
PDK1,SS,,PDK1_pm,
PKCa,SS,,PKCa,
PLCg,SS,,PLCg,
erlotinib,SS,input,erlotinib,input
mTOR,SS,,mTORC1,
p70S6K,SS,,S6K,
pertuzumab,SS,input,pertuzumab,input
trastuzumab,SS,input,trastuzumab,input
AKT,SL,,AKT,
BAX,SL,,BAX,
CyclinB1,SL,,CyclinB1,
CyclinD1,SL,,CyclinD1,
ERBB1,SL,,EGFR,
ERBB2,SL,,HER2,
ERBB3,SL,,HER3,
ERK1_2,SL,,ERK,
FoxO1_3a,SL,,FOXO1FOXO3,
GSKa_b,SL,,GSK3B,
Nfkb,SL,,NFKB,
PRAS,SL,,PRAS40,
PTEN,SL,,PTEN,
RB,SL,,RB,
RPS6,SL,,RPS6,
TSC2,SL,,TSC2,
cJUN,SL,,JUN,
cRAF,SL,,RAF1,
erlotinib,SL,input,erlotinib,input
p38,SL,,p38,
p53,SL,,p53,
p70S6K,SL,,S6K,
pertuzumab,SL,input,pertuzumab,input
stimulus,SL,input,stimulus,input
trastuzumab,SL,input,trastuzumab,input
AKT,Z17,,AKT,
Alpelisib,Z17,input,Alpelisib,input
Apoptosis,Z17,,Apoptosis,
Apoptosis_2,Z17,,Apoptosis_2,
Apoptosis_3,Z17,,Apoptosis_3,
BAD,Z17,,BAD,
BCL2,Z17,,BCL2,
BCL2_T,Z17,input,BCL2_T,input
BIM,Z17,,BIM,
BIM_T,Z17,input,BIM_T,input
CDK46,Z17,,CDK46,
E2F,Z17,,E2F,
E2F_2,Z17,,E2F_2,
E2F_3,Z17,,E2F_3,
EIF4F,Z17,,EIF4,
ER,Z17,input,ER,input
ER_transcription,Z17,,ER_transcription,
ER_transcription_2,Z17,,ER_transcription_2,
ESR1,Z17,,ESR1,
ESR1_2,Z17,,ESR1_2,
Everolimus,Z17,input,Everolimus,input
FOXA1,Z17,,FOXA1,
FOXO3,Z17,,FOXO3,
FOXO3_Ub,Z17,,FOXO3_Ub,
Fulvestrant,Z17,input,Fulvestrant,input
HER2,Z17,input,HER2,
HER2_3,Z17,,HER2HER3c,
HER2_3_2,Z17,,HER2HER3c_2,
HER3,Z17,,HER3,
HER3_2,Z17,,HER3_2,
HER3_T,Z17,input,HER3_T,input
IGF1R,Z17,,IGF1R,
IGF1R_2,Z17,,IGF1R_2,
IGF1R_T,Z17,input,IGF1R_T,constant 1
Ipatasertib,Z17,input,Ipatasertib,input
KMT2D,Z17,,KMT2D,
MAPK,Z17,,MAPK,
MAPK_2,Z17,,MAPK_2,
MCL1,Z17,,MCL1,
MYC,Z17,,MYC,
MYC_2,Z17,,MYC_2,
Neratinib,Z17,input,Neratinib,input
PBX1,Z17,input,PBX1,constant 1
PDK1,Z17,input,PDK1,input
PDK1_pm,Z17,,PDK1_pm,
PI3K,Z17,,PI3K,
PI3K_2,Z17,,PI3K_2,
PIM,Z17,input,PIM,
PIP3,Z17,,PIP3,
PIP3_2,Z17,,PIP3_2,
PRAS40,Z17,,PRAS40,
PTEN,Z17,input,PTEN,
Palbociclib,Z17,input,Palbociclib,input
Proliferation,Z17,,Proliferation,
Proliferation_2,Z17,,Proliferation_2,
Proliferation_3,Z17,,Proliferation_3,
Proliferation_4,Z17,,Proliferation_4,
RAS,Z17,,RAS,
RAS_2,Z17,,RAS_2,
RAS_3,Z17,,RAS_3,
S6K,Z17,,S6K,
SGK1,Z17,,SGK1,
SGK1_T,Z17,input,SGK1_T,input
TSC,Z17,,TSC2,
Trametinib,Z17,input,Trametinib,input
Translation,Z17,,Translation,
cycD_CDK46,Z17,,CYCLINDc,
cycD_CDK46_2,Z17,,CYCLINDc_2,
cycE_CDK2,Z17,,cycE_CDK2,
cycE_CDK2_T,Z17,,cycE_CDK2T,
cyclinD,Z17,,CyclinD1,
cyclinD_2,Z17,,CyclinD_2,
mTORC1,Z17,,mTORC1,
mTORC2,Z17,,mTORC2,
mTORC2_pm,Z17,,mTORC2_pm,
p21_p27,Z17,,p21_p27,
p21_p27_T,Z17,,p21_p27_T,
pRb,Z17,,pRB,
pRb_2,Z17,,pRB_2,
pRb_3,Z17,,pRB_3,
AKT,Z21,,AKT,
Alpelisib,Z21,input,Alpelisib,input
Apoptosis,Z21,,Apoptosis,
Apoptosis_2,Z21,,Apoptosis_2,
Apoptosis_3,Z21,,Apoptosis_3,
BAD,Z21,,BAD,
BCL2,Z21,,BCL2,
BCL2_T,Z21,input,BCL2_T,input
BCLXL,Z21,,BCLXL,
BCLXL_T,Z21,input,BCLXL_T,input
BIM,Z21,,BIM,
BIM_T,Z21,input,BIM_T,input
CDK46,Z21,,CDK46,
E2F,Z21,,E2F,
E2F_2,Z21,,E2F_2,
EIF4F,Z21,,EIF4,
ER,Z21,input,ER,input
ER_microenvironment,Z21,input,ES,input
ER_transcription,Z21,,ER_transcription,
ER_transcription_2,Z21,,ER_transcription_2,
ER_transcription_feedback_1,Z21,,ER_transcription_feedback_1,
ER_transcription_feedback_2,Z21,,ER_transcription_feedback_2,
ESR1,Z21,,ESR1,
ESR1_2,Z21,,ESR1_2,
Everolimus,Z21,input,Everolimus,input
FOXA1,Z21,input,FOXA1,
FOXO3,Z21,,FOXO3,
FOXO3_Ub,Z21,,FOXO3_Ub,
Fulvestrant,Z21,input,Fulvestrant,input
HER2,Z21,input,HER2,
HER2_3,Z21,,HER2HER3c,
HER2_3_2,Z21,,HER2HER3c_2,
HER3,Z21,,HER3,
HER3_2,Z21,,HER3_2,
HER3_T,Z21,input,HER3_T,input
HER3_microenvironment,Z21,input,NRG1,input
IGF1R,Z21,,IGF1R,
IGF1R_2,Z21,,IGF1R_2,
IGF1R_T,Z21,,IGF1R_T,constant 1
IGF1R_T_2,Z21,,IGF1R_T_2,constant 0
Ipatasertib,Z21,input,Ipatasertib,input
KMT2D,Z21,,KMT2D,
MAPK,Z21,,MAPK,
MAPK_2,Z21,,MAPK_2,
MCL1,Z21,,MCL1,
MCL1_T,Z21,input,MCL1_T,input
MYC,Z21,,MYC,
MYC_2,Z21,,MYC_2,
MYC_T,Z21,input,MYC_T,constant 0
MYC_targets,Z21,,MYC_targets,
MYC_targets_2,Z21,,MYC_targets_2,
Navitoclax,Z21,input,Navitoclax,input
Neratinib,Z21,input,Neratinib,input
PBX1,Z21,input,PBX1,constant 1
PDK1,Z21,input,PDK1,input
PDK1_pm,Z21,,PDK1_pm,
PI3K,Z21,,PI3K,
PI3K_2,Z21,,PI3K_2,
PIM,Z21,input,PIM,
PIP3,Z21,,PIP3,
PIP3_2,Z21,,PIP3_2,
PRAS40,Z21,,PRAS40,
PTEN,Z21,,PTEN,
PTEN_2,Z21,,PTEN_2,
PTEN_T,Z21,,PTEN_T,constant 1
PTEN_T_2,Z21,,PTEN_T_2,constant 0
Palbociclib,Z21,input,Palbociclib,input
Proliferation,Z21,,Proliferation,
Proliferation_2,Z21,,Proliferation_2,
Proliferation_3,Z21,,Proliferation_3,
RAS,Z21,,RAS,
RAS_2,Z21,,RAS_2,
RAS_3,Z21,,RAS_3,
Rb_T,Z21,input,Rb_T,constant 1
S63845,Z21,input,S63845,input
S6K,Z21,,S6K,
SGK1,Z21,,SGK1,
SGK1_T,Z21,input,SGK1_T,input
TSC,Z21,,TSC2,
Trametinib,Z21,input,Trametinib,input
Translation,Z21,,Translation,
cycD_CDK46,Z21,,CYCLINDc,
cycD_CDK46_2,Z21,,CYCLINDc_2,
cycE_CDK2,Z21,,cycE_CDK2,
cycE_CDK2_T,Z21,,cycE_CDK2T,
cyclinD,Z21,,CyclinD1,
cyclinD_2,Z21,,CyclinD_2,
mTORC1,Z21,,mTORC1,
mTORC2,Z21,,mTORC2,
mTORC2_pm,Z21,,mTORC2_pm,
p21_T,Z21,,p21_T,
p21_T_2,Z21,,p21_T_2,
p21_p27,Z21,,p21_p27,
p21_p27_T,Z21,,p21_p27_T,
p27_T,Z21,input,p27_T,input
pRb,Z21,,pRB,
pRb_2,Z21,,pRB_2,
ABL1,TGEN,,ABL1,
ABL2,TGEN,,ABL2,
AKT_i,TGEN,,AKT,
APC,TGEN,,APC,
AXIN1,TGEN,,AXIN1,
BAD,TGEN,,BAD,
BAK1,TGEN,,BAK1,
BAX,TGEN,,BAX,
BCL2,TGEN,,BCL2,
BCLXL,TGEN,,BCLXL,
BID,TGEN,,BID,
BIM,TGEN,,BIM,
CASP3,TGEN,,CASP3,
CASP8,TGEN,,CASP8,
CASP9,TGEN,,CASP9,
CDKN2A,TGEN,,CDKN2A,
CEBPB,TGEN,,CEBPB,
CREB1,TGEN,,CREB1,
CTNNB1,TGEN,,CTNNB1,
CYCLIN_D_c,TGEN,,CYCLINDc,
CYCS,TGEN,,CYCS,
DC,TGEN,,DC,
DLL_i,TGEN,input,DLL,input
DVL1,TGEN,,DVL1,
E2F1,TGEN,,E2F,
EGF,TGEN,input,EGF,input
EGFR,TGEN,,EGFR,
EIF4E,TGEN,,EIF4,
ERK_i,TGEN,,ERK,
ES,TGEN,input,ES,input
ESR1,TGEN,,ESR1,
FADD,TGEN,,FADD,
FAS,TGEN,,FAS,
FASLG,TGEN,,FASLG,
FOXO1,TGEN,,FOXO1,
FOXO3,TGEN,,FOXO3,
FZD3,TGEN,,FZD3,
GATA3,TGEN,,GATA3,
GRB2,TGEN,,GRB2,
GRB7,TGEN,,GRB7,
GSK3B,TGEN,,GSK3B,
HER2,TGEN,,HER2,
HER3,TGEN,,HER3,
HES1,TGEN,,HES1,
HEY1,TGEN,,HEY1,
HRAS,TGEN,,HRAS,
HSP90AA1,TGEN,,HSP90AA1,
IGF1,TGEN,input,IGF1,input
IGF1R,TGEN,,IGF1R,
IL1B,TGEN,,IL1B,
IL6,TGEN,,IL6,
IL6R,TGEN,,IL6R,
IL8,TGEN,,IL8,
INS,TGEN,input,INS,input
INSR,TGEN,,INSR,
IRS1,TGEN,,IRS1,
IVEBP1,TGEN,,EIF4EBP1,
JAK2,TGEN,,JAK2,
JUN,TGEN,,JUN,
KMT2D,TGEN,,KMT2D,
KRT14,TGEN,,KRT14,
LATS1,TGEN,,LATS1,
LCK,TGEN,,LCK,
MAPK8,TGEN,,MAPK8,
MCL1,TGEN,,MCL1,
MDM2,TGEN,,MDM2,
MEK_i,TGEN,,MEK,
MTORC1_c,TGEN,,mTORC1,
MTORC2_c,TGEN,,mTORC2,
MYC,TGEN,,MYC,
MYOD1,TGEN,,MYOD1,
MYOG,TGEN,,MYOG,
NCID,TGEN,,NICD,
NEDD4L,TGEN,,NEDD4L,
NF1,TGEN,,NF1,
NF2,TGEN,,NF2,
NFKB1,TGEN,,NFKB,
NOS3,TGEN,,NOS3,
NOTCH1,TGEN,,NOTCH1,
NRG1,TGEN,input,NRG1,input
P21,TGEN,,p21,
P53,TGEN,,p53,
PAK1,TGEN,,PAK1,
PAK2,TGEN,,PAK2,
PAX7,TGEN,,PAX7,
PDPK1,TGEN,,PDK1_pm,
PG,TGEN,input,PG,input
PGR,TGEN,,PGR,
PI3K_c,TGEN,,PI3K,
PIM,TGEN,,PIM,
PIP3,TGEN,,PIP3,
PPARG,TGEN,,PPARG,
PRB,TGEN,,RB,
PRKAA2,TGEN,,PRKAA2,
PRKACA,TGEN,,PRKACA,
PTEN,TGEN,,PTEN,
RAC1,TGEN,,RAC1,
RAF1,TGEN,,RAF1,
RAS_i,TGEN,,RAS,
RELA,TGEN,,RELA,
RHEB,TGEN,,RHEB,
RND1,TGEN,,RND1,
S6K1,TGEN,,S6K,
SGK1,TGEN,,SGK1,
SOS1,TGEN,,SOS1,
SRC,TGEN,,SRC,
STAT1,TGEN,,STAT1,
STAT3,TGEN,,STAT3,
STAT5,TGEN,,STAT5,
STK11,TGEN,,STK11,
TCF4,TGEN,,TCF7L2,
TEAD1,TGEN,,TEAD1,
TRADD,TGEN,,TRADD,
TSC2,TGEN,,TSC2,
TWIST1,TGEN,,TWIST1,
WNT1,TGEN,,WNT1,input
YAP1,TGEN,,YAP1,
ABL1,MCF7,,ABL1,
ABL2,MCF7,,ABL2,
AKT_i,MCF7,,AKT,
APC,MCF7,,APC,
AXIN1,MCF7,,AXIN1,
BAD,MCF7,,BAD,
BAK1,MCF7,,BAK1,
BAX,MCF7,,BAX,
BCL2,MCF7,,BCL2,
BCLXL,MCF7,,BCLXL,
BID,MCF7,,BID,
BIM,MCF7,,BIM,
CASP3,MCF7,,CASP3,
CASP8,MCF7,,CASP8,
CASP9,MCF7,,CASP9,
CDKN2A,MCF7,,CDKN2A,
CEBPB,MCF7,,CEBPB,
CREB1,MCF7,,CREB1,
CTNNB1,MCF7,,CTNNB1,
CYCLIN_D_c,MCF7,,CYCLINDc,
CYCS,MCF7,,CYCS,
DC,MCF7,,DC,
DLL_i,MCF7,input,DLL,input
DVL1,MCF7,,DVL1,
E2F1,MCF7,,E2F,
EGF,MCF7,input,EGF,input
EGFR,MCF7,,EGFR,
EIF4E,MCF7,,EIF4,
ERK_i,MCF7,,ERK,
ES,MCF7,input,ES,input
ESR1,MCF7,,ESR1,
FADD,MCF7,,FADD,
FAS,MCF7,,FAS,
FASLG,MCF7,,FASLG,
FOXO1,MCF7,,FOXO1,
FOXO3,MCF7,,FOXO3,
FZD3,MCF7,,FZD3,
GATA3,MCF7,,GATA3,
GRB2,MCF7,,GRB2,
GRB7,MCF7,,GRB7,
GSK3B,MCF7,,GSK3B,
HER2,MCF7,,HER2,
HER3,MCF7,,HER3,
HES1,MCF7,,HES1,
HEY1,MCF7,,HEY1,
HRAS,MCF7,,HRAS,
HSP90AA1,MCF7,,HSP90AA1,
IGF1,MCF7,input,IGF1,input
IGF1R,MCF7,,IGF1R,
IL1B,MCF7,,IL1B,
IL6,MCF7,,IL6,
IL6R,MCF7,,IL6R,
IL8,MCF7,,IL8,
INS,MCF7,input,INS,input
INSR,MCF7,,INSR,
IRS1,MCF7,,IRS1,
IVEBP1,MCF7,,EIF4EBP1,
JAK2,MCF7,,JAK2,
JUN,MCF7,,JUN,
KMT2D,MCF7,,KMT2D,
KRT14,MCF7,,KRT14,
LATS1,MCF7,,LATS1,
LCK,MCF7,,LCK,
MAPK8,MCF7,,MAPK8,
MCL1,MCF7,,MCL1,
MDM2,MCF7,,MDM2,
MEK_i,MCF7,,MEK,
MTORC1_c,MCF7,,mTORC1,
MTORC2_c,MCF7,,mTORC2,
MYC,MCF7,,MYC,
MYOD1,MCF7,,MYOD1,
MYOG,MCF7,,MYOG,
NCID,MCF7,,NICD,
NEDD4L,MCF7,,NEDD4L,
NF1,MCF7,,NF1,
NF2,MCF7,,NF2,
NFKB1,MCF7,,NFKB,
NOS3,MCF7,,NOS3,
NOTCH1,MCF7,,NOTCH1,
NRG1,MCF7,input,NRG1,input
P21,MCF7,,p21,
P53,MCF7,,p53,
PAK1,MCF7,,PAK1,
PAK2,MCF7,,PAK2,
PAX7,MCF7,,PAX7,
PDPK1,MCF7,,PDK1_pm,
PG,MCF7,input,PG,input
PGR,MCF7,,PGR,
PI3K_c,MCF7,,PI3K,
PIM,MCF7,,PIM,
PIP3,MCF7,,PIP3,
PPARG,MCF7,,PPARG,
PRB,MCF7,,RB,
PRKAA2,MCF7,,PRKAA2,
PRKACA,MCF7,,PRKACA,
PTEN,MCF7,,PTEN,
RAC1,MCF7,,RAC1,
RAF1,MCF7,,RAF1,
RAS_i,MCF7,,RAS,
RELA,MCF7,,RELA,
RHEB,MCF7,,RHEB,
RND1,MCF7,,RND1,
S6K1,MCF7,,S6K,
SGK1,MCF7,,SGK1,
SOS1,MCF7,,SOS1,
SRC,MCF7,,SRC,
STAT1,MCF7,,STAT1,
STAT3,MCF7,,STAT3,
STAT5,MCF7,,STAT5,
STK11,MCF7,,STK11,
TCF4,MCF7,,TCF7L2,
TEAD1,MCF7,,TEAD1,
TRADD,MCF7,,TRADD,
TSC2,MCF7,,TSC2,
TWIST1,MCF7,,TWIST1,
WNT1,MCF7,input,WNT1,input
YAP1,MCF7,,YAP1,
ABL1,T47D,,ABL1,
ABL2,T47D,,ABL2,
AKT_i,T47D,,AKT,
APC,T47D,,APC,
AXIN1,T47D,,AXIN1,
BAD,T47D,,BAD,
BAK1,T47D,,BAK1,
BAX,T47D,,BAX,
BCL2,T47D,,BCL2,
BCLXL,T47D,,BCLXL,
BID,T47D,,BID,
BIM,T47D,,BIM,
CASP3,T47D,,CASP3,
CASP8,T47D,,CASP8,
CASP9,T47D,,CASP9,
CDKN2A,T47D,,CDKN2A,
CEBPB,T47D,,CEBPB,
CREB1,T47D,,CREB1,
CTNNB1,T47D,,CTNNB1,
CYCLIN_D_c,T47D,,CYCLINDc,
CYCS,T47D,,CYCS,
DC,T47D,,DC,
DLL_i,T47D,input,DLL,input
DVL1,T47D,,DVL1,
E2F1,T47D,,E2F,
EGF,T47D,input,EGF,input
EGFR,T47D,,EGFR,
EIF4E,T47D,,EIF4,
ERK_i,T47D,,ERK,
ES,T47D,input,ES,input
ESR1,T47D,,ESR1,
FADD,T47D,,FADD,
FAS,T47D,,FAS,
FASLG,T47D,,FASLG,
FOXO1,T47D,,FOXO1,
FOXO3,T47D,,FOXO3,
FZD3,T47D,,FZD3,
GATA3,T47D,,GATA3,
GRB2,T47D,,GRB2,
GRB7,T47D,,GRB7,
GSK3B,T47D,,GSK3B,
HER2,T47D,,HER2,
HER3,T47D,,HER3,
HES1,T47D,,HES1,
HEY1,T47D,,HEY1,
HRAS,T47D,,HRAS,
HSP90AA1,T47D,,HSP90AA1,
IGF1,T47D,input,IGF1,input
IGF1R,T47D,,IGF1R,
IL1B,T47D,,IL1B,
IL6,T47D,,IL6,
IL6R,T47D,,IL6R,
IL8,T47D,,IL8,
INS,T47D,input,INS,input
INSR,T47D,,INSR,
IRS1,T47D,,IRS1,
IVEBP1,T47D,,EIF4EBP1,
JAK2,T47D,,JAK2,
JUN,T47D,,JUN,
KMT2D,T47D,,KMT2D,
KRT14,T47D,,KRT14,
LATS1,T47D,,LATS1,
LCK,T47D,,LCK,
MAPK8,T47D,,MAPK8,
MCL1,T47D,,MCL1,
MDM2,T47D,,MDM2,
MEK_i,T47D,,MEK,
MTORC1_c,T47D,,mTORC1,
MTORC2_c,T47D,,mTORC2,
MYC,T47D,,MYC,
MYOD1,T47D,,MYOD1,
MYOG,T47D,,MYOG,
NCID,T47D,,NICD,
NEDD4L,T47D,,NEDD4L,
NF1,T47D,,NF1,
NF2,T47D,,NF2,
NFKB1,T47D,,NFKB,
NOS3,T47D,,NOS3,
NOTCH1,T47D,,NOTCH1,
NRG1,T47D,input,NRG1,input
P21,T47D,,p21,
P53,T47D,,p53,
PAK1,T47D,,PAK1,
PAK2,T47D,,PAK2,
PAX7,T47D,,PAX7,
PDPK1,T47D,,PDK1_pm,
PG,T47D,input,PG,input
PGR,T47D,,PGR,
PI3K_c,T47D,,PI3K,
PIM,T47D,,PIM,
PIP3,T47D,,PIP3,
PPARG,T47D,,PPARG,
PRB,T47D,,RB,
PRKAA2,T47D,,PRKAA2,
PRKACA,T47D,,PRKACA,
PTEN,T47D,,PTEN,
RAC1,T47D,,RAC1,
RAF1,T47D,,RAF1,
RAS_i,T47D,,RAS,
RELA,T47D,,RELA,
RHEB,T47D,,RHEB,
RND1,T47D,,RND1,
S6K1,T47D,,S6K,
SGK1,T47D,,SGK1,
SOS1,T47D,,SOS1,
SRC,T47D,,SRC,
STAT1,T47D,,STAT1,
STAT3,T47D,,STAT3,
STAT5,T47D,,STAT5,
STK11,T47D,,STK11,
TCF4,T47D,,TCF7L2,
TEAD1,T47D,,TEAD1,
TRADD,T47D,,TRADD,
TSC2,T47D,,TSC2,
TWIST1,T47D,,TWIST1,
WNT1,T47D,input,WNT1,input
YAP1,T47D,,YAP1,
