Regulator,Target,Sign in BBM,Model
EGFR,CyclinB1,positive,BL
HER3,CyclinB1,positive,BL
CyclinB1,CyclinB1,positive,BL
p53,CyclinB1,negative,BL
AKT,p38,positive,BL
p38,p38,positive,BL
RAF1,RAF1,positive,BL
EGFR,RAF1,positive,BL
HER2,RAF1,positive,BL
ERK,RAF1,negative,BL
GSK3B,GSK3B,positive,BL
CyclinD1,GSK3B,positive,BL
p53,GSK3B,positive,BL
PTEN,PTEN,positive,BL
GSK3B,PTEN,negative,BL
AKT,FOXO1FOXO3,negative,BL
FOXO1FOXO3,FOXO1FOXO3,positive,BL
S6K,RPS6,positive,BL
RPS6,RPS6,positive,BL
GSK3B,JUN,negative,BL
JUN,JUN,positive,BL
stimulus,HER3,positive,BL
PTEN,HER3,negative,BL
HER3,HER3,positive,BL
erlotinib,HER3,negative,BL
RPS6,HER3,positive,BL
pertuzumab,HER3,negative,BL
EGFR,EGFR,positive,BL
stimulus,EGFR,positive,BL
erlotinib,EGFR,negative,BL
pertuzumab,EGFR,negative,BL
PRAS40,PRAS40,positive,BL
AKT,PRAS40,negative,BL
AKT,CyclinD1,positive,BL
GSK3B,CyclinD1,negative,BL
CyclinD1,CyclinD1,positive,BL
ERK,CyclinD1,positive,BL
RPS6,CyclinD1,positive,BL
PRAS40,S6K,negative,BL
TSC2,S6K,negative,BL
NFKB,S6K,negative,BL
ERK,S6K,positive,BL
S6K,S6K,positive,BL
EGFR,AKT,positive,BL
PTEN,AKT,negative,BL
HER3,AKT,positive,BL
HER2,AKT,positive,BL
AKT,AKT,positive,BL
TSC2,TSC2,positive,BL
GSK3B,TSC2,negative,BL
AKT,TSC2,negative,BL
ERK,TSC2,negative,BL
stimulus,HER2,positive,BL
HER2,HER2,positive,BL
erlotinib,HER2,negative,BL
trastuzumab,HER2,negative,BL
pertuzumab,HER2,negative,BL
RB,RB,positive,BL
NFKB,RB,positive,BL
CyclinD1,RB,negative,BL
RAF1,ERK,positive,BL
ERK,ERK,positive,BL
stimulus,p53,positive,BL
PTEN,p53,positive,BL
RB,p53,positive,BL
CyclinB1,p53,positive,BL
p38,p53,positive,BL
p53,p53,positive,BL
GSK3B,GSK3B,positive,HL
p53,GSK3B,positive,HL
pertuzumab,HER3,negative,HL
erlotinib,HER3,negative,HL
RPS6,HER3,positive,HL
HER3,HER3,positive,HL
stimulus,HER3,positive,HL
trastuzumab,HER2,negative,HL
pertuzumab,HER2,negative,HL
erlotinib,HER2,negative,HL
HER2,HER2,positive,HL
stimulus,HER2,positive,HL
GSK3B,PTEN,negative,HL
PTEN,PTEN,positive,HL
RAF1,PTEN,positive,HL
CyclinB1,AKT,positive,HL
AKT,AKT,positive,HL
HER3,AKT,positive,HL
PTEN,AKT,negative,HL
HER2,AKT,positive,HL
EGFR,AKT,positive,HL
ERK,CyclinD1,positive,HL
CyclinD1,CyclinD1,positive,HL
JUN,CyclinD1,positive,HL
S6K,CyclinD1,positive,HL
AKT,CyclinD1,positive,HL
CyclinB1,CyclinB1,positive,HL
p53,CyclinB1,negative,HL
ERK,TSC2,negative,HL
GSK3B,TSC2,negative,HL
AKT,TSC2,negative,HL
TSC2,TSC2,positive,HL
RB,TSC2,positive,HL
AKT,p38,positive,HL
p38,p38,positive,HL
JUN,EGFR,positive,HL
pertuzumab,EGFR,negative,HL
erlotinib,EGFR,negative,HL
HER3,EGFR,positive,HL
stimulus,EGFR,positive,HL
EGFR,EGFR,positive,HL
AKT,FOXO1FOXO3,negative,HL
FOXO1FOXO3,FOXO1FOXO3,positive,HL
CyclinB1,p53,positive,HL
p53,p53,positive,HL
p38,p53,positive,HL
RB,p53,positive,HL
PRAS40,PRAS40,positive,HL
JUN,PRAS40,positive,HL
AKT,PRAS40,negative,HL
S6K,RPS6,positive,HL
RPS6,RPS6,positive,HL
ERK,ERK,positive,HL
RAF1,ERK,positive,HL
EGFR,ERK,positive,HL
ERK,S6K,positive,HL
PRAS40,S6K,negative,HL
S6K,S6K,positive,HL
TSC2,S6K,negative,HL
CyclinB1,RB,negative,HL
p53,RB,positive,HL
RB,RB,positive,HL
ERK,RAF1,negative,HL
RAF1,RAF1,positive,HL
HER2,RAF1,positive,HL
EGFR,RAF1,positive,HL
GSK3B,JUN,negative,HL
JUN,JUN,positive,HL
PDK1_pm,PDK1_pm,positive,BS
HER2,PDK1_pm,positive,BS
HER3,PDK1_pm,positive,BS
EGFR,PDK1_pm,positive,BS
MEK,PDK1_pm,positive,BS
PLCg,PKCa,positive,BS
PKCa,PKCa,positive,BS
HER2,MEK,positive,BS
HER3,MEK,positive,BS
EGFR,MEK,positive,BS
MEK,MEK,positive,BS
pertuzumab,ERK,positive,BS
EGF,ERK,positive,BS
MEK,ERK,positive,BS
ERK,ERK,positive,BS
pertuzumab,mTORC1,positive,BS
mTORC1,mTORC1,positive,BS
AKT,mTORC1,positive,BS
S6K,S6K,positive,BS
mTORC1,S6K,positive,BS
AKT,S6K,positive,BS
ERK,S6K,positive,BS
pertuzumab,HER3,negative,BS
NRG1,HER3,positive,BS
HER3,HER3,positive,BS
erlotinib,HER3,negative,BS
PDK1_pm,AKT,positive,BS
HER3,AKT,positive,BS
mTORC1,AKT,positive,BS
AKT,AKT,positive,BS
HER2,HER2,positive,BS
trastuzumab,HER2,negative,BS
pertuzumab,HER2,negative,BS
HER3,HER2,positive,BS
erlotinib,HER2,negative,BS
EGF,HER2,positive,BS
pertuzumab,EGFR,negative,BS
PLCg,EGFR,positive,BS
erlotinib,EGFR,negative,BS
EGFR,EGFR,positive,BS
EGF,EGFR,positive,BS
HER2,PLCg,positive,BS
PLCg,PLCg,positive,BS
HER3,PLCg,positive,BS
EGFR,PLCg,positive,BS
EGF,PLCg,positive,BS
PDK1_pm,MEK,positive,HS
HER3,MEK,positive,HS
HER2,MEK,positive,HS
MEK,MEK,positive,HS
EGFR,MEK,positive,HS
HER3,HER3,positive,HS
ERK,HER3,positive,HS
erlotinib,HER3,negative,HS
pertuzumab,HER3,negative,HS
NRG1,HER3,positive,HS
mTORC1,mTORC1,positive,HS
AKT,mTORC1,positive,HS
ERK,ERK,positive,HS
MEK,ERK,positive,HS
PLCg,EGFR,positive,HS
erlotinib,EGFR,negative,HS
EGF,EGFR,positive,HS
pertuzumab,EGFR,negative,HS
EGFR,EGFR,positive,HS
ERK,S6K,positive,HS
erlotinib,S6K,positive,HS
S6K,S6K,positive,HS
mTORC1,S6K,positive,HS
AKT,S6K,positive,HS
trastuzumab,HER2,negative,HS
PDK1_pm,HER2,positive,HS
erlotinib,HER2,negative,HS
HER2,HER2,positive,HS
pertuzumab,HER2,negative,HS
EGFR,HER2,positive,HS
trastuzumab,PKCa,positive,HS
PLCg,PKCa,positive,HS
PKCa,PKCa,positive,HS
HER3,PLCg,positive,HS
PLCg,PLCg,positive,HS
HER2,PLCg,positive,HS
EGFR,PLCg,positive,HS
PDK1_pm,PDK1_pm,positive,HS
HER3,PDK1_pm,positive,HS
HER2,PDK1_pm,positive,HS
EGFR,PDK1_pm,positive,HS
PDK1_pm,AKT,positive,HS
HER3,AKT,positive,HS
S6K,AKT,positive,HS
mTORC1,AKT,positive,HS
AKT,AKT,positive,HS
erlotinib,EGFR,negative,SS
PLCg,EGFR,positive,SS
pertuzumab,EGFR,negative,SS
EGF,EGFR,positive,SS
EGFR,EGFR,positive,SS
mTORC1,AKT,positive,SS
PDK1_pm,AKT,positive,SS
AKT,AKT,positive,SS
HER3,AKT,positive,SS
erlotinib,HER2,negative,SS
pertuzumab,HER2,negative,SS
HER2,HER2,positive,SS
trastuzumab,HER2,negative,SS
PDK1_pm,PDK1_pm,positive,SS
HER2,PDK1_pm,positive,SS
HER3,PDK1_pm,positive,SS
EGFR,PDK1_pm,positive,SS
mTORC1,mTORC1,positive,SS
AKT,mTORC1,positive,SS
HER2,MEK,positive,SS
MEK,MEK,positive,SS
HER3,MEK,positive,SS
EGFR,MEK,positive,SS
mTORC1,S6K,positive,SS
S6K,S6K,positive,SS
AKT,S6K,positive,SS
ERK,S6K,positive,SS
PLCg,PKCa,positive,SS
PKCa,PKCa,positive,SS
PDK1_pm,ERK,positive,SS
ERK,ERK,positive,SS
MEK,ERK,positive,SS
HER3,ERK,positive,SS
erlotinib,HER3,negative,SS
pertuzumab,HER3,negative,SS
NRG1,HER3,positive,SS
HER3,HER3,positive,SS
PLCg,PLCg,positive,SS
HER2,PLCg,positive,SS
HER3,PLCg,positive,SS
EGFR,PLCg,positive,SS
HER3,HER3,positive,SL
stimulus,HER3,positive,SL
pertuzumab,HER3,negative,SL
erlotinib,HER3,negative,SL
AKT,HER3,negative,SL
S6K,PTEN,positive,SL
PTEN,PTEN,positive,SL
GSK3B,PTEN,negative,SL
FOXO1FOXO3,FOXO1FOXO3,positive,SL
AKT,FOXO1FOXO3,negative,SL
GSK3B,GSK3B,positive,SL
p53,GSK3B,positive,SL
ERK,S6K,positive,SL
S6K,S6K,positive,SL
HER2,S6K,positive,SL
TSC2,S6K,negative,SL
PRAS40,S6K,negative,SL
RB,p53,positive,SL
CyclinB1,p53,positive,SL
PTEN,p53,positive,SL
p53,p53,positive,SL
ERK,RAF1,negative,SL
RPS6,RAF1,positive,SL
HER2,RAF1,positive,SL
RAF1,RAF1,positive,SL
EGFR,RAF1,positive,SL
p53,RAF1,negative,SL
HER3,NFKB,positive,SL
RPS6,NFKB,positive,SL
NFKB,NFKB,positive,SL
S6K,CyclinB1,positive,SL
CyclinB1,CyclinB1,positive,SL
p53,CyclinB1,negative,SL
EGFR,BAX,positive,SL
BAX,BAX,positive,SL
stimulus,EGFR,positive,SL
pertuzumab,EGFR,negative,SL
EGFR,EGFR,positive,SL
erlotinib,EGFR,negative,SL
HER3,AKT,positive,SL
stimulus,AKT,positive,SL
HER2,AKT,positive,SL
CyclinB1,AKT,negative,SL
EGFR,AKT,positive,SL
PTEN,AKT,negative,SL
AKT,AKT,positive,SL
ERK,TSC2,negative,SL
TSC2,TSC2,positive,SL
HER2,TSC2,positive,SL
GSK3B,TSC2,negative,SL
AKT,TSC2,negative,SL
RB,RB,positive,SL
HER2,RB,positive,SL
TSC2,RB,negative,SL
p53,RB,negative,SL
CyclinD1,RB,negative,SL
JUN,JUN,positive,SL
GSK3B,JUN,negative,SL
p38,p38,positive,SL
AKT,p38,positive,SL
trastuzumab,HER2,negative,SL
stimulus,HER2,positive,SL
HER2,HER2,positive,SL
pertuzumab,HER2,negative,SL
erlotinib,HER2,negative,SL
BAX,HER2,positive,SL
JUN,CyclinD1,positive,SL
ERK,CyclinD1,positive,SL
PTEN,CyclinD1,positive,SL
GSK3B,CyclinD1,negative,SL
CyclinD1,CyclinD1,positive,SL
AKT,CyclinD1,positive,SL
HER3,PRAS40,positive,SL
PRAS40,PRAS40,positive,SL
AKT,PRAS40,negative,SL
ERK,ERK,positive,SL
RAF1,ERK,positive,SL
CyclinB1,ERK,positive,SL
EGFR,ERK,positive,SL
RPS6,RPS6,positive,SL
S6K,RPS6,positive,SL
Ipatasertib,AKT,ambiguous,Z17
PDK1_pm,AKT,ambiguous,Z17
PIP3,AKT,ambiguous,Z17
PIP3_2,AKT,ambiguous,Z17
mTORC2_pm,AKT,ambiguous,Z17
Apoptosis,Apoptosis,ambiguous,Z17
BAD,Apoptosis,ambiguous,Z17
BCL2,Apoptosis,ambiguous,Z17
BIM,Apoptosis,ambiguous,Z17
MCL1,Apoptosis,ambiguous,Z17
Apoptosis_2,Apoptosis_2,ambiguous,Z17
BAD,Apoptosis_2,ambiguous,Z17
BCL2,Apoptosis_2,ambiguous,Z17
BIM,Apoptosis_2,ambiguous,Z17
MCL1,Apoptosis_2,ambiguous,Z17
Apoptosis_3,Apoptosis_3,ambiguous,Z17
BAD,Apoptosis_3,ambiguous,Z17
BCL2,Apoptosis_3,ambiguous,Z17
BIM,Apoptosis_3,ambiguous,Z17
MCL1,Apoptosis_3,ambiguous,Z17
AKT,BAD,ambiguous,Z17
MAPK,BAD,ambiguous,Z17
MAPK_2,BAD,ambiguous,Z17
PIM,BAD,ambiguous,Z17
BCL2_T,BCL2,ambiguous,Z17
ER_transcription_2,BCL2,ambiguous,Z17
BIM_T,BIM,ambiguous,Z17
FOXO3,BIM,ambiguous,Z17
MAPK_2,BIM,ambiguous,Z17
Palbociclib,CDK46,ambiguous,Z17
E2F_2,E2F,ambiguous,Z17
E2F_3,E2F,ambiguous,Z17
pRB,E2F,ambiguous,Z17
E2F,E2F_2,ambiguous,Z17
E2F_3,E2F_2,ambiguous,Z17
pRB_2,E2F_2,ambiguous,Z17
E2F,E2F_3,ambiguous,Z17
E2F_2,E2F_3,ambiguous,Z17
E2F_3,E2F_3,ambiguous,Z17
pRB_2,E2F_3,ambiguous,Z17
pRB_3,E2F_3,ambiguous,Z17
mTORC1,EIF4,ambiguous,Z17
ER,ER_transcription,ambiguous,Z17
ER_transcription_2,ER_transcription,ambiguous,Z17
ESR1,ER_transcription,ambiguous,Z17
ESR1_2,ER_transcription,ambiguous,Z17
ER,ER_transcription_2,ambiguous,Z17
ER_transcription,ER_transcription_2,ambiguous,Z17
ESR1_2,ER_transcription_2,ambiguous,Z17
FOXA1,ER_transcription_2,ambiguous,Z17
KMT2D,ER_transcription_2,ambiguous,Z17
PBX1,ER_transcription_2,ambiguous,Z17
ER,ESR1,ambiguous,Z17
ESR1_2,ESR1,ambiguous,Z17
FOXO3,ESR1,ambiguous,Z17
Fulvestrant,ESR1,ambiguous,Z17
ER,ESR1_2,ambiguous,Z17
ESR1,ESR1_2,ambiguous,Z17
FOXO3,ESR1_2,ambiguous,Z17
Fulvestrant,ESR1_2,ambiguous,Z17
FOXO3,FOXA1,ambiguous,Z17
AKT,FOXO3,ambiguous,Z17
FOXO3_Ub,FOXO3,ambiguous,Z17
PIM,FOXO3,ambiguous,Z17
SGK1,FOXO3,ambiguous,Z17
MAPK_2,FOXO3_Ub,ambiguous,Z17
HER2,HER2HER3c,ambiguous,Z17
HER2HER3c_2,HER2HER3c,ambiguous,Z17
HER3,HER2HER3c,ambiguous,Z17
HER3_2,HER2HER3c,ambiguous,Z17
Neratinib,HER2HER3c,ambiguous,Z17
HER2,HER2HER3c_2,ambiguous,Z17
HER2HER3c,HER2HER3c_2,ambiguous,Z17
HER3,HER2HER3c_2,ambiguous,Z17
HER3_2,HER2HER3c_2,ambiguous,Z17
MAPK_2,HER2HER3c_2,ambiguous,Z17
Neratinib,HER2HER3c_2,ambiguous,Z17
FOXO3,HER3,ambiguous,Z17
HER3_2,HER3,ambiguous,Z17
HER3_T,HER3,ambiguous,Z17
FOXO3,HER3_2,ambiguous,Z17
HER3,HER3_2,ambiguous,Z17
FOXO3,IGF1R,ambiguous,Z17
HER2,IGF1R,ambiguous,Z17
IGF1R_2,IGF1R,ambiguous,Z17
IGF1R_T,IGF1R,ambiguous,Z17
FOXO3,IGF1R_2,ambiguous,Z17
HER2,IGF1R_2,ambiguous,Z17
IGF1R,IGF1R_2,ambiguous,Z17
IGF1R_T,IGF1R_2,ambiguous,Z17
S6K,IGF1R_2,ambiguous,Z17
AKT,KMT2D,ambiguous,Z17
MAPK_2,MAPK,ambiguous,Z17
PIP3,MAPK,ambiguous,Z17
PIP3_2,MAPK,ambiguous,Z17
RAS,MAPK,ambiguous,Z17
RAS_2,MAPK,ambiguous,Z17
RAS_3,MAPK,ambiguous,Z17
Trametinib,MAPK,ambiguous,Z17
MAPK,MAPK_2,ambiguous,Z17
PIP3,MAPK_2,ambiguous,Z17
PIP3_2,MAPK_2,ambiguous,Z17
RAS_2,MAPK_2,ambiguous,Z17
RAS_3,MAPK_2,ambiguous,Z17
Trametinib,MAPK_2,ambiguous,Z17
Translation,MCL1,ambiguous,Z17
ER_transcription,MYC,ambiguous,Z17
MYC_2,MYC,ambiguous,Z17
ER_transcription_2,MYC_2,ambiguous,Z17
MYC,MYC_2,ambiguous,Z17
PIP3,PDK1_pm,ambiguous,Z17
PIP3_2,PDK1_pm,ambiguous,Z17
Alpelisib,PI3K,ambiguous,Z17
HER2HER3c,PI3K,ambiguous,Z17
HER2HER3c_2,PI3K,ambiguous,Z17
IGF1R,PI3K,ambiguous,Z17
IGF1R_2,PI3K,ambiguous,Z17
PI3K_2,PI3K,ambiguous,Z17
RAS,PI3K,ambiguous,Z17
RAS_2,PI3K,ambiguous,Z17
RAS_3,PI3K,ambiguous,Z17
Alpelisib,PI3K_2,ambiguous,Z17
HER2HER3c_2,PI3K_2,ambiguous,Z17
PI3K,PI3K_2,ambiguous,Z17
PI3K,PIP3,ambiguous,Z17
PI3K_2,PIP3,ambiguous,Z17
PIP3_2,PIP3,ambiguous,Z17
PTEN,PIP3,ambiguous,Z17
PI3K_2,PIP3_2,ambiguous,Z17
PIP3,PIP3_2,ambiguous,Z17
PTEN,PIP3_2,ambiguous,Z17
AKT,PRAS40,ambiguous,Z17
PIM,PRAS40,ambiguous,Z17
E2F,Proliferation,ambiguous,Z17
E2F_2,Proliferation,ambiguous,Z17
E2F_3,Proliferation,ambiguous,Z17
Translation,Proliferation,ambiguous,Z17
E2F_2,Proliferation_2,ambiguous,Z17
E2F_3,Proliferation_2,ambiguous,Z17
Translation,Proliferation_2,ambiguous,Z17
E2F_2,Proliferation_3,ambiguous,Z17
E2F_3,Proliferation_3,ambiguous,Z17
Translation,Proliferation_3,ambiguous,Z17
E2F_3,Proliferation_4,ambiguous,Z17
Translation,Proliferation_4,ambiguous,Z17
HER2HER3c,RAS,ambiguous,Z17
HER2HER3c_2,RAS,ambiguous,Z17
IGF1R,RAS,ambiguous,Z17
IGF1R_2,RAS,ambiguous,Z17
RAS_2,RAS,ambiguous,Z17
RAS_3,RAS,ambiguous,Z17
HER2HER3c,RAS_2,ambiguous,Z17
HER2HER3c_2,RAS_2,ambiguous,Z17
RAS,RAS_2,ambiguous,Z17
RAS_3,RAS_2,ambiguous,Z17
HER2HER3c_2,RAS_3,ambiguous,Z17
RAS,RAS_3,ambiguous,Z17
RAS_2,RAS_3,ambiguous,Z17
mTORC1,S6K,ambiguous,Z17
PDK1,SGK1,ambiguous,Z17
SGK1_T,SGK1,ambiguous,Z17
mTORC2,SGK1,ambiguous,Z17
AKT,TSC2,ambiguous,Z17
MAPK_2,TSC2,ambiguous,Z17
SGK1,TSC2,ambiguous,Z17
EIF4,Translation,ambiguous,Z17
S6K,Translation,ambiguous,Z17
CDK46,CYCLINDc,ambiguous,Z17
CYCLINDc_2,CYCLINDc,ambiguous,Z17
CyclinD1,CYCLINDc,ambiguous,Z17
CyclinD_2,CYCLINDc,ambiguous,Z17
CDK46,CYCLINDc_2,ambiguous,Z17
CYCLINDc,CYCLINDc_2,ambiguous,Z17
CyclinD_2,CYCLINDc_2,ambiguous,Z17
cycE_CDK2T,cycE_CDK2,ambiguous,Z17
p21_p27,cycE_CDK2,ambiguous,Z17
E2F,cycE_CDK2T,ambiguous,Z17
E2F_2,cycE_CDK2T,ambiguous,Z17
E2F_3,cycE_CDK2T,ambiguous,Z17
MYC,CyclinD1,ambiguous,Z17
CyclinD_2,CyclinD1,ambiguous,Z17
MYC_2,CyclinD_2,ambiguous,Z17
CyclinD1,CyclinD_2,ambiguous,Z17
Everolimus,mTORC1,ambiguous,Z17
PRAS40,mTORC1,ambiguous,Z17
TSC2,mTORC1,ambiguous,Z17
Everolimus,mTORC2,ambiguous,Z17
mTORC2,mTORC2,ambiguous,Z17
Everolimus,mTORC2_pm,ambiguous,Z17
PIP3,mTORC2_pm,ambiguous,Z17
PIP3_2,mTORC2_pm,ambiguous,Z17
AKT,p21_p27,ambiguous,Z17
PIM,p21_p27,ambiguous,Z17
p21_p27_T,p21_p27,ambiguous,Z17
FOXO3,p21_p27_T,ambiguous,Z17
MYC,p21_p27_T,ambiguous,Z17
MYC_2,p21_p27_T,ambiguous,Z17
CYCLINDc,pRB,ambiguous,Z17
CYCLINDc_2,pRB,ambiguous,Z17
cycE_CDK2,pRB,ambiguous,Z17
pRB_2,pRB,ambiguous,Z17
pRB_3,pRB,ambiguous,Z17
CYCLINDc,pRB_2,ambiguous,Z17
CYCLINDc_2,pRB_2,ambiguous,Z17
cycE_CDK2,pRB_2,ambiguous,Z17
pRB,pRB_2,ambiguous,Z17
pRB_3,pRB_2,ambiguous,Z17
CYCLINDc_2,pRB_3,ambiguous,Z17
cycE_CDK2,pRB_3,ambiguous,Z17
pRB,pRB_3,ambiguous,Z17
pRB_2,pRB_3,ambiguous,Z17
IGF1R_T,IGF1R_T,positive,Z21
IGF1R_T_2,IGF1R_T,positive,Z21
IGF1R_T,IGF1R_T_2,positive,Z21
IGF1R_T_2,IGF1R_T_2,positive,Z21
IGF1R_T,IGF1R,positive,Z21
IGF1R_2,IGF1R,positive,Z21
HER2,IGF1R,positive,Z21
FOXO3,IGF1R,positive,Z21
IGF1R_T_2,IGF1R_2,positive,Z21
IGF1R,IGF1R_2,positive,Z21
HER2,IGF1R_2,positive,Z21
FOXO3,IGF1R_2,positive,Z21
S6K,IGF1R_2,negative,Z21
HER3_T,HER3,positive,Z21
HER3_2,HER3,positive,Z21
FOXO3,HER3,positive,Z21
HER3,HER3_2,positive,Z21
FOXO3,HER3_2,positive,Z21
Everolimus,mTORC2,negative,Z21
mTORC2,mTORC2,positive,Z21
PDK1,SGK1,positive,Z21
mTORC2,SGK1,positive,Z21
SGK1_T,SGK1,positive,Z21
Neratinib,HER2HER3c,negative,Z21
HER2,HER2HER3c,positive,Z21
HER3,HER2HER3c,positive,Z21
HER3_2,HER2HER3c,positive,Z21
HER2HER3c_2,HER2HER3c,positive,Z21
Neratinib,HER2HER3c_2,negative,Z21
HER2,HER2HER3c_2,positive,Z21
HER3,HER2HER3c_2,positive,Z21
HER3_2,HER2HER3c_2,positive,Z21
HER2HER3c,HER2HER3c_2,positive,Z21
NRG1,HER2HER3c_2,positive,Z21
MAPK_2,HER2HER3c_2,negative,Z21
IGF1R,RAS,positive,Z21
IGF1R_2,RAS,positive,Z21
HER2HER3c,RAS,positive,Z21
HER2HER3c_2,RAS,positive,Z21
RAS_2,RAS,positive,Z21
RAS_3,RAS,positive,Z21
HER2HER3c,RAS_2,positive,Z21
HER2HER3c_2,RAS_2,positive,Z21
RAS,RAS_2,positive,Z21
RAS_3,RAS_2,positive,Z21
HER2HER3c_2,RAS_3,positive,Z21
RAS,RAS_3,positive,Z21
RAS_2,RAS_3,positive,Z21
Trametinib,MAPK,negative,Z21
RAS,MAPK,positive,Z21
RAS_2,MAPK,positive,Z21
RAS_3,MAPK,positive,Z21
MAPK_2,MAPK,positive,Z21
PIP3,MAPK,positive,Z21
PIP3_2,MAPK,positive,Z21
Trametinib,MAPK_2,negative,Z21
RAS_2,MAPK_2,positive,Z21
RAS_3,MAPK_2,positive,Z21
MAPK,MAPK_2,positive,Z21
PIP3,MAPK_2,positive,Z21
PIP3_2,MAPK_2,positive,Z21
IGF1R,PI3K,positive,Z21
IGF1R_2,PI3K,positive,Z21
Alpelisib,PI3K,negative,Z21
HER2HER3c,PI3K,positive,Z21
HER2HER3c_2,PI3K,positive,Z21
RAS,PI3K,positive,Z21
RAS_2,PI3K,positive,Z21
RAS_3,PI3K,positive,Z21
PI3K_2,PI3K,positive,Z21
Alpelisib,PI3K_2,negative,Z21
HER2HER3c_2,PI3K_2,positive,Z21
PI3K,PI3K_2,positive,Z21
PTEN_T,PTEN_T,positive,Z21
PTEN_T_2,PTEN_T,positive,Z21
PTEN_T,PTEN_T_2,positive,Z21
PTEN_T_2,PTEN_T_2,positive,Z21
PTEN_T,PTEN,positive,Z21
PTEN_2,PTEN,positive,Z21
PTEN_T_2,PTEN_2,positive,Z21
PTEN,PTEN_2,positive,Z21
PI3K,PIP3,positive,Z21
PI3K_2,PIP3,positive,Z21
PTEN,PIP3,negative,Z21
PTEN_2,PIP3,negative,Z21
PIP3_2,PIP3,positive,Z21
PI3K_2,PIP3_2,positive,Z21
PTEN_2,PIP3_2,negative,Z21
PIP3,PIP3_2,positive,Z21
PIP3,PDK1_pm,positive,Z21
PIP3_2,PDK1_pm,positive,Z21
Everolimus,mTORC2_pm,negative,Z21
PIP3,mTORC2_pm,positive,Z21
PIP3_2,mTORC2_pm,positive,Z21
Ipatasertib,AKT,negative,Z21
PIP3,AKT,positive,Z21
PIP3_2,AKT,positive,Z21
PDK1_pm,AKT,positive,Z21
mTORC2_pm,AKT,positive,Z21
p21_T,p21_T,positive,Z21
p21_T_2,p21_T,positive,Z21
p21_T,p21_T_2,positive,Z21
p21_T_2,p21_T_2,positive,Z21
p27_T,p21_p27_T,positive,Z21
p21_T,p21_p27_T,positive,Z21
p21_T_2,p21_p27_T,positive,Z21
FOXO3,p21_p27_T,positive,Z21
MYC,p21_p27_T,negative,Z21
MYC_2,p21_p27_T,negative,Z21
PIM,p21_p27,negative,Z21
AKT,p21_p27,negative,Z21
p21_p27_T,p21_p27,positive,Z21
E2F,cycE_CDK2T,positive,Z21
E2F_2,cycE_CDK2T,positive,Z21
p21_p27,cycE_CDK2,negative,Z21
cycE_CDK2T,cycE_CDK2,positive,Z21
AKT,KMT2D,negative,Z21
SGK1,TSC2,negative,Z21
MAPK_2,TSC2,negative,Z21
AKT,TSC2,negative,Z21
PIM,PRAS40,negative,Z21
AKT,PRAS40,negative,Z21
Everolimus,mTORC1,negative,Z21
TSC2,mTORC1,negative,Z21
PRAS40,mTORC1,negative,Z21
SGK1,FOXO3,negative,Z21
PIM,FOXO3,negative,Z21
AKT,FOXO3,negative,Z21
FOXO3_Ub,FOXO3,negative,Z21
MAPK_2,FOXO3_Ub,positive,Z21
MAPK_2,BIM,negative,Z21
FOXO3,BIM,positive,Z21
BIM_T,BIM,positive,Z21
PIM,BAD,negative,Z21
MAPK_2,BAD,negative,Z21
AKT,BAD,negative,Z21
S63845,MCL1,negative,Z21
MCL1_T,MCL1,positive,Z21
mTORC1,EIF4,positive,Z21
mTORC1,S6K,positive,Z21
EIF4,Translation,positive,Z21
S6K,Translation,positive,Z21
Fulvestrant,ESR1,negative,Z21
FOXO3,ESR1,positive,Z21
ER,ESR1,positive,Z21
ESR1_2,ESR1,positive,Z21
Fulvestrant,ESR1_2,negative,Z21
FOXO3,ESR1_2,positive,Z21
ER,ESR1_2,positive,Z21
ESR1,ESR1_2,positive,Z21
ES,ESR1_2,positive,Z21
ER_transcription_feedback_2,ESR1_2,negative,Z21
ESR1,ER_transcription,positive,Z21
ESR1_2,ER_transcription,positive,Z21
ER_transcription_2,ER_transcription,positive,Z21
KMT2D,ER_transcription_2,positive,Z21
ESR1_2,ER_transcription_2,positive,Z21
FOXA1,ER_transcription_2,positive,Z21
PBX1,ER_transcription_2,positive,Z21
ER_transcription,ER_transcription_2,positive,Z21
ER_transcription_2,ER_transcription_feedback_1,positive,Z21
ER_transcription_feedback_1,ER_transcription_feedback_2,positive,Z21
ER_transcription_feedback_2,ER_transcription_feedback_2,positive,Z21
ER_transcription,MYC,positive,Z21
MYC_2,MYC,positive,Z21
ER_transcription_2,MYC_2,positive,Z21
MYC_T,MYC_2,positive,Z21
MYC,MYC_2,positive,Z21
Translation,MYC_targets,positive,Z21
MYC,MYC_targets,positive,Z21
MYC_2,MYC_targets,positive,Z21
MYC_targets_2,MYC_targets,positive,Z21
Translation,MYC_targets_2,positive,Z21
MYC,MYC_targets_2,positive,Z21
MYC_2,MYC_targets_2,positive,Z21
MYC_targets,MYC_targets_2,positive,Z21
MYC,CyclinD1,positive,Z21
CyclinD_2,CyclinD1,positive,Z21
MYC_2,CyclinD_2,positive,Z21
CyclinD1,CyclinD_2,positive,Z21
Navitoclax,BCL2,negative,Z21
BCL2_T,BCL2,positive,Z21
Navitoclax,BCLXL,negative,Z21
BCLXL_T,BCLXL,positive,Z21
Palbociclib,CDK46,negative,Z21
CyclinD1,CYCLINDc,positive,Z21
CyclinD_2,CYCLINDc,positive,Z21
CDK46,CYCLINDc,positive,Z21
CYCLINDc_2,CYCLINDc,positive,Z21
CyclinD_2,CYCLINDc_2,positive,Z21
CDK46,CYCLINDc_2,positive,Z21
CYCLINDc,CYCLINDc_2,positive,Z21
CYCLINDc,pRB,positive,Z21
CYCLINDc_2,pRB,positive,Z21
pRB_2,pRB,positive,Z21
Rb_T,pRB,negative,Z21
cycE_CDK2,pRB_2,positive,Z21
CYCLINDc,pRB_2,positive,Z21
CYCLINDc_2,pRB_2,positive,Z21
pRB,pRB_2,positive,Z21
Rb_T,pRB_2,negative,Z21
pRB,E2F,positive,Z21
E2F_2,E2F,positive,Z21
pRB_2,E2F_2,positive,Z21
E2F,E2F_2,positive,Z21
MYC_targets,Proliferation,positive,Z21
E2F,Proliferation,positive,Z21
E2F_2,Proliferation_2,positive,Z21
MYC_targets_2,Proliferation_3,positive,Z21
E2F,Proliferation_3,positive,Z21
E2F_2,Proliferation_3,positive,Z21
BIM,Apoptosis,positive,Z21
BAD,Apoptosis,positive,Z21
Apoptosis,Apoptosis,positive,Z21
MCL1,Apoptosis_2,negative,Z21
BCL2,Apoptosis_2,negative,Z21
BCLXL,Apoptosis_2,negative,Z21
Apoptosis_2,Apoptosis_2,positive,Z21
BIM,Apoptosis_3,positive,Z21
MCL1,Apoptosis_3,negative,Z21
BCL2,Apoptosis_3,negative,Z21
BCLXL,Apoptosis_3,negative,Z21
Apoptosis_3,Apoptosis_3,positive,Z21
GRB2,ABL1,ambiguous,TGEN
SRC,ABL1,ambiguous,TGEN
ABL1,ABL2,ambiguous,TGEN
IGF1,AKT,ambiguous,TGEN
IGF1R,AKT,ambiguous,TGEN
IRS1,AKT,ambiguous,TGEN
mTORC2,AKT,ambiguous,TGEN
NRG1,AKT,ambiguous,TGEN
PDK1_pm,AKT,ambiguous,TGEN
PIP3,AKT,ambiguous,TGEN
AXIN1,APC,ambiguous,TGEN
DVL1,AXIN1,ambiguous,TGEN
GSK3B,AXIN1,ambiguous,TGEN
AKT,BAD,ambiguous,TGEN
ERK,BAD,ambiguous,TGEN
PAK1,BAD,ambiguous,TGEN
PIM,BAD,ambiguous,TGEN
BID,BAK1,ambiguous,TGEN
BIM,BAK1,ambiguous,TGEN
MCL1,BAK1,ambiguous,TGEN
p53,BAK1,ambiguous,TGEN
BID,BAX,ambiguous,TGEN
BIM,BAX,ambiguous,TGEN
MCL1,BAX,ambiguous,TGEN
p53,BAX,ambiguous,TGEN
BAD,BCL2,ambiguous,TGEN
BIM,BCL2,ambiguous,TGEN
CREB1,BCL2,ambiguous,TGEN
ERK,BCL2,ambiguous,TGEN
BAD,BCLXL,ambiguous,TGEN
BIM,BCLXL,ambiguous,TGEN
CREB1,BCLXL,ambiguous,TGEN
CASP8,BID,ambiguous,TGEN
BCL2,BIM,ambiguous,TGEN
BCLXL,BIM,ambiguous,TGEN
FOXO1,BIM,ambiguous,TGEN
FOXO3,BIM,ambiguous,TGEN
CASP9,CASP3,ambiguous,TGEN
ERK,CASP8,ambiguous,TGEN
FADD,CASP8,ambiguous,TGEN
NF1,CASP8,ambiguous,TGEN
SRC,CASP8,ambiguous,TGEN
AKT,CASP9,ambiguous,TGEN
BCLXL,CASP9,ambiguous,TGEN
CASP3,CASP9,ambiguous,TGEN
CASP8,CASP9,ambiguous,TGEN
CYCS,CASP9,ambiguous,TGEN
ERK,CASP9,ambiguous,TGEN
PRKACA,CASP9,ambiguous,TGEN
CASP3,CDKN2A,ambiguous,TGEN
MYC,CDKN2A,ambiguous,TGEN
SRC,CDKN2A,ambiguous,TGEN
ABL2,CEBPB,ambiguous,TGEN
CREB1,CEBPB,ambiguous,TGEN
AKT,CREB1,ambiguous,TGEN
PTEN,CREB1,ambiguous,TGEN
DC,CTNNB1,ambiguous,TGEN
SRC,CTNNB1,ambiguous,TGEN
WNT1,CTNNB1,ambiguous,TGEN
YAP1,CTNNB1,ambiguous,TGEN
CDKN2A,CYCLINDc,ambiguous,TGEN
ESR1,CYCLINDc,ambiguous,TGEN
GSK3B,CYCLINDc,ambiguous,TGEN
MYC,CYCLINDc,ambiguous,TGEN
p21,CYCLINDc,ambiguous,TGEN
TCF7L2,CYCLINDc,ambiguous,TGEN
TEAD1,CYCLINDc,ambiguous,TGEN
BAK1,CYCS,ambiguous,TGEN
BAX,CYCS,ambiguous,TGEN
APC,DC,ambiguous,TGEN
GSK3B,DC,ambiguous,TGEN
FZD3,DVL1,ambiguous,TGEN
NF1,DVL1,ambiguous,TGEN
RB,E2F,ambiguous,TGEN
EGF,EGFR,ambiguous,TGEN
HER2,EGFR,ambiguous,TGEN
HER3,EGFR,ambiguous,TGEN
MEK,EGFR,ambiguous,TGEN
EIF4EBP1,EIF4,ambiguous,TGEN
MEK,ERK,ambiguous,TGEN
AKT,ESR1,ambiguous,TGEN
ES,ESR1,ambiguous,TGEN
FOXO3,ESR1,ambiguous,TGEN
KMT2D,ESR1,ambiguous,TGEN
PGR,ESR1,ambiguous,TGEN
FAS,FADD,ambiguous,TGEN
TRADD,FADD,ambiguous,TGEN
AKT,FAS,ambiguous,TGEN
FASLG,FAS,ambiguous,TGEN
p53,FAS,ambiguous,TGEN
FASLG,FASLG,ambiguous,TGEN
FOXO3,FASLG,ambiguous,TGEN
p53,FASLG,ambiguous,TGEN
AKT,FOXO1,ambiguous,TGEN
SGK1,FOXO1,ambiguous,TGEN
AKT,FOXO3,ambiguous,TGEN
CREB1,FZD3,ambiguous,TGEN
WNT1,FZD3,ambiguous,TGEN
STAT1,GATA3,ambiguous,TGEN
EGFR,GRB2,ambiguous,TGEN
IRS1,GRB2,ambiguous,TGEN
LATS1,GRB2,ambiguous,TGEN
SRC,GRB2,ambiguous,TGEN
INSR,GRB7,ambiguous,TGEN
PRKACA,GRB7,ambiguous,TGEN
AKT,GSK3B,ambiguous,TGEN
ERK,GSK3B,ambiguous,TGEN
EGF,HER2,ambiguous,TGEN
HER3,HER2,ambiguous,TGEN
HER2,HER3,ambiguous,TGEN
NRG1,HER3,ambiguous,TGEN
CASP3,HES1,ambiguous,TGEN
NICD,HES1,ambiguous,TGEN
NICD,HEY1,ambiguous,TGEN
IGF1,HRAS,ambiguous,TGEN
NF1,HRAS,ambiguous,TGEN
PI3K,HRAS,ambiguous,TGEN
SOS1,HRAS,ambiguous,TGEN
PDK1_pm,HSP90AA1,ambiguous,TGEN
ESR1,IGF1R,ambiguous,TGEN
FOXO3,IGF1R,ambiguous,TGEN
IGF1,IGF1R,ambiguous,TGEN
INS,IGF1R,ambiguous,TGEN
SRC,IGF1R,ambiguous,TGEN
NOS3,IL1B,ambiguous,TGEN
RELA,IL1B,ambiguous,TGEN
IL1B,IL6,ambiguous,TGEN
IL6,IL6,ambiguous,TGEN
IL6,IL6R,ambiguous,TGEN
STAT5,IL8,ambiguous,TGEN
FOXO3,INSR,ambiguous,TGEN
INS,INSR,ambiguous,TGEN
IGF1R,IRS1,ambiguous,TGEN
INSR,IRS1,ambiguous,TGEN
S6K,IRS1,ambiguous,TGEN
mTORC1,EIF4EBP1,ambiguous,TGEN
ABL1,JAK2,ambiguous,TGEN
IL6R,JAK2,ambiguous,TGEN
IL8,JAK2,ambiguous,TGEN
IRS1,JAK2,ambiguous,TGEN
ERK,JUN,ambiguous,TGEN
MAPK8,JUN,ambiguous,TGEN
PPARG,JUN,ambiguous,TGEN
RELA,JUN,ambiguous,TGEN
AKT,KMT2D,ambiguous,TGEN
PAX7,KMT2D,ambiguous,TGEN
EGFR,KRT14,ambiguous,TGEN
PAK2,KRT14,ambiguous,TGEN
LCK,LATS1,ambiguous,TGEN
NF2,LATS1,ambiguous,TGEN
AKT,LCK,ambiguous,TGEN
ERK,LCK,ambiguous,TGEN
RAC1,MAPK8,ambiguous,TGEN
RND1,MAPK8,ambiguous,TGEN
ERK,MCL1,ambiguous,TGEN
GSK3B,MCL1,ambiguous,TGEN
AKT,MDM2,ambiguous,TGEN
p53,MDM2,ambiguous,TGEN
RAF1,MEK,ambiguous,TGEN
IGF1,mTORC1,ambiguous,TGEN
NRG1,mTORC1,ambiguous,TGEN
RHEB,mTORC1,ambiguous,TGEN
PIP3,mTORC2,ambiguous,TGEN
S6K,mTORC2,ambiguous,TGEN
CTNNB1,MYC,ambiguous,TGEN
EIF4,MYC,ambiguous,TGEN
ERK,MYC,ambiguous,TGEN
ESR1,MYC,ambiguous,TGEN
GSK3B,MYC,ambiguous,TGEN
PIM,MYC,ambiguous,TGEN
STAT3,MYC,ambiguous,TGEN
ABL1,MYOD1,ambiguous,TGEN
HES1,MYOD1,ambiguous,TGEN
HEY1,MYOG,ambiguous,TGEN
MYOD1,MYOG,ambiguous,TGEN
NOTCH1,NICD,ambiguous,TGEN
PRKACA,NEDD4L,ambiguous,TGEN
S6K,NEDD4L,ambiguous,TGEN
SGK1,NEDD4L,ambiguous,TGEN
p53,NF1,ambiguous,TGEN
TWIST1,NF1,ambiguous,TGEN
NEDD4L,NF2,ambiguous,TGEN
NOTCH1,NFKB,ambiguous,TGEN
AKT,NOS3,ambiguous,TGEN
HSP90AA1,NOS3,ambiguous,TGEN
CTNNB1,NOTCH1,ambiguous,TGEN
DLL,NOTCH1,ambiguous,TGEN
LCK,NOTCH1,ambiguous,TGEN
MDM2,NOTCH1,ambiguous,TGEN
AKT,p21,ambiguous,TGEN
ERK,p21,ambiguous,TGEN
MYC,p21,ambiguous,TGEN
MDM2,p53,ambiguous,TGEN
TCF7L2,PAK1,ambiguous,TGEN
RAC1,PAK2,ambiguous,TGEN
SRC,PAK2,ambiguous,TGEN
HES1,PAX7,ambiguous,TGEN
HEY1,PAX7,ambiguous,TGEN
MYOG,PAX7,ambiguous,TGEN
NOTCH1,PAX7,ambiguous,TGEN
IGF1R,PDK1_pm,ambiguous,TGEN
PIP3,PDK1_pm,ambiguous,TGEN
ERK,PGR,ambiguous,TGEN
ESR1,PGR,ambiguous,TGEN
PG,PGR,ambiguous,TGEN
EGFR,PI3K,ambiguous,TGEN
ESR1,PI3K,ambiguous,TGEN
IGF1R,PI3K,ambiguous,TGEN
INSR,PI3K,ambiguous,TGEN
IRS1,PI3K,ambiguous,TGEN
RAS,PI3K,ambiguous,TGEN
STAT5,PIM,ambiguous,TGEN
PI3K,PIP3,ambiguous,TGEN
PTEN,PIP3,ambiguous,TGEN
CEBPB,PPARG,ambiguous,TGEN
GATA3,PPARG,ambiguous,TGEN
CYCLINDc,RB,ambiguous,TGEN
PRKACA,PRKAA2,ambiguous,TGEN
STK11,PRKAA2,ambiguous,TGEN
AKT,PRKACA,ambiguous,TGEN
WNT1,PRKACA,ambiguous,TGEN
S6K,PTEN,ambiguous,TGEN
SRC,PTEN,ambiguous,TGEN
AKT,RAC1,ambiguous,TGEN
DVL1,RAC1,ambiguous,TGEN
PI3K,RAC1,ambiguous,TGEN
HRAS,RAF1,ambiguous,TGEN
RAS,RAF1,ambiguous,TGEN
IGF1,RAS,ambiguous,TGEN
PI3K,RAS,ambiguous,TGEN
SOS1,RAS,ambiguous,TGEN
NFKB,RELA,ambiguous,TGEN
PIM,RELA,ambiguous,TGEN
TSC2,RHEB,ambiguous,TGEN
DVL1,RND1,ambiguous,TGEN
GRB7,RND1,ambiguous,TGEN
mTORC1,S6K,ambiguous,TGEN
mTORC1,SGK1,ambiguous,TGEN
mTORC2,SGK1,ambiguous,TGEN
PDK1_pm,SGK1,ambiguous,TGEN
GRB2,SOS1,ambiguous,TGEN
ABL1,SRC,ambiguous,TGEN
PRKACA,SRC,ambiguous,TGEN
JAK2,STAT1,ambiguous,TGEN
SRC,STAT1,ambiguous,TGEN
IL1B,STAT3,ambiguous,TGEN
JAK2,STAT3,ambiguous,TGEN
MAPK8,STAT3,ambiguous,TGEN
SRC,STAT3,ambiguous,TGEN
EGFR,STAT5,ambiguous,TGEN
JAK2,STAT5,ambiguous,TGEN
SRC,STAT5,ambiguous,TGEN
ERK,STK11,ambiguous,TGEN
CTNNB1,TCF7L2,ambiguous,TGEN
JUN,TCF7L2,ambiguous,TGEN
YAP1,TEAD1,ambiguous,TGEN
KRT14,TRADD,ambiguous,TGEN
AKT,TSC2,ambiguous,TGEN
ERK,TSC2,ambiguous,TGEN
GSK3B,TSC2,ambiguous,TGEN
PRKAA2,TSC2,ambiguous,TGEN
AKT,TWIST1,ambiguous,TGEN
ERK,TWIST1,ambiguous,TGEN
MAPK8,TWIST1,ambiguous,TGEN
PGR,WNT1,ambiguous,TGEN
WNT1,WNT1,ambiguous,TGEN
ABL1,YAP1,ambiguous,TGEN
LATS1,YAP1,ambiguous,TGEN
GRB2,ABL1,ambiguous,MCF7
RB,ABL1,ambiguous,MCF7
SRC,ABL1,ambiguous,MCF7
ABL1,ABL2,ambiguous,MCF7
IGF1,AKT,ambiguous,MCF7
IGF1R,AKT,ambiguous,MCF7
IRS1,AKT,ambiguous,MCF7
mTORC2,AKT,ambiguous,MCF7
NRG1,AKT,ambiguous,MCF7
PDK1_pm,AKT,ambiguous,MCF7
PIP3,AKT,ambiguous,MCF7
AXIN1,APC,ambiguous,MCF7
DVL1,AXIN1,ambiguous,MCF7
GSK3B,AXIN1,ambiguous,MCF7
AKT,BAD,ambiguous,MCF7
ERK,BAD,ambiguous,MCF7
PAK1,BAD,ambiguous,MCF7
PIM,BAD,ambiguous,MCF7
BID,BAK1,ambiguous,MCF7
BIM,BAK1,ambiguous,MCF7
MCL1,BAK1,ambiguous,MCF7
p53,BAK1,ambiguous,MCF7
BID,BAX,ambiguous,MCF7
BIM,BAX,ambiguous,MCF7
MCL1,BAX,ambiguous,MCF7
p53,BAX,ambiguous,MCF7
BAD,BCL2,ambiguous,MCF7
BIM,BCL2,ambiguous,MCF7
CREB1,BCL2,ambiguous,MCF7
ERK,BCL2,ambiguous,MCF7
BAD,BCLXL,ambiguous,MCF7
BIM,BCLXL,ambiguous,MCF7
CREB1,BCLXL,ambiguous,MCF7
CASP8,BID,ambiguous,MCF7
BCL2,BIM,ambiguous,MCF7
BCLXL,BIM,ambiguous,MCF7
FOXO1,BIM,ambiguous,MCF7
FOXO3,BIM,ambiguous,MCF7
CASP9,CASP3,ambiguous,MCF7
ERK,CASP8,ambiguous,MCF7
FADD,CASP8,ambiguous,MCF7
NF1,CASP8,ambiguous,MCF7
SRC,CASP8,ambiguous,MCF7
AKT,CASP9,ambiguous,MCF7
BCLXL,CASP9,ambiguous,MCF7
CASP3,CASP9,ambiguous,MCF7
CASP8,CASP9,ambiguous,MCF7
CYCS,CASP9,ambiguous,MCF7
ERK,CASP9,ambiguous,MCF7
PRKACA,CASP9,ambiguous,MCF7
CASP3,CDKN2A,ambiguous,MCF7
MYC,CDKN2A,ambiguous,MCF7
SRC,CDKN2A,ambiguous,MCF7
ABL2,CEBPB,ambiguous,MCF7
CREB1,CEBPB,ambiguous,MCF7
AKT,CREB1,ambiguous,MCF7
PTEN,CREB1,ambiguous,MCF7
DC,CTNNB1,ambiguous,MCF7
SRC,CTNNB1,ambiguous,MCF7
WNT1,CTNNB1,ambiguous,MCF7
YAP1,CTNNB1,ambiguous,MCF7
CDKN2A,CYCLINDc,ambiguous,MCF7
EIF4,CYCLINDc,ambiguous,MCF7
ESR1,CYCLINDc,ambiguous,MCF7
FOXO3,CYCLINDc,ambiguous,MCF7
GSK3B,CYCLINDc,ambiguous,MCF7
IGF1,CYCLINDc,ambiguous,MCF7
KMT2D,CYCLINDc,ambiguous,MCF7
MYC,CYCLINDc,ambiguous,MCF7
NRG1,CYCLINDc,ambiguous,MCF7
p21,CYCLINDc,ambiguous,MCF7
TCF7L2,CYCLINDc,ambiguous,MCF7
TEAD1,CYCLINDc,ambiguous,MCF7
BAK1,CYCS,ambiguous,MCF7
BAX,CYCS,ambiguous,MCF7
APC,DC,ambiguous,MCF7
GSK3B,DC,ambiguous,MCF7
FZD3,DVL1,ambiguous,MCF7
NF1,DVL1,ambiguous,MCF7
RB,E2F,ambiguous,MCF7
EGF,EGFR,ambiguous,MCF7
HER2,EGFR,ambiguous,MCF7
HER3,EGFR,ambiguous,MCF7
MEK,EGFR,ambiguous,MCF7
EIF4EBP1,EIF4,ambiguous,MCF7
MEK,ERK,ambiguous,MCF7
AKT,ESR1,ambiguous,MCF7
ES,ESR1,ambiguous,MCF7
FOXO3,ESR1,ambiguous,MCF7
KMT2D,ESR1,ambiguous,MCF7
PGR,ESR1,ambiguous,MCF7
FAS,FADD,ambiguous,MCF7
TRADD,FADD,ambiguous,MCF7
AKT,FAS,ambiguous,MCF7
FASLG,FAS,ambiguous,MCF7
p53,FAS,ambiguous,MCF7
FASLG,FASLG,ambiguous,MCF7
FOXO3,FASLG,ambiguous,MCF7
p53,FASLG,ambiguous,MCF7
AKT,FOXO1,ambiguous,MCF7
SGK1,FOXO1,ambiguous,MCF7
AKT,FOXO3,ambiguous,MCF7
CREB1,FZD3,ambiguous,MCF7
WNT1,FZD3,ambiguous,MCF7
STAT1,GATA3,ambiguous,MCF7
EGFR,GRB2,ambiguous,MCF7
IRS1,GRB2,ambiguous,MCF7
LATS1,GRB2,ambiguous,MCF7
SRC,GRB2,ambiguous,MCF7
INSR,GRB7,ambiguous,MCF7
PRKACA,GRB7,ambiguous,MCF7
AKT,GSK3B,ambiguous,MCF7
ERK,GSK3B,ambiguous,MCF7
EGF,HER2,ambiguous,MCF7
HER3,HER2,ambiguous,MCF7
HER2,HER3,ambiguous,MCF7
NRG1,HER3,ambiguous,MCF7
NICD,HES1,ambiguous,MCF7
NICD,HEY1,ambiguous,MCF7
IGF1,HRAS,ambiguous,MCF7
NF1,HRAS,ambiguous,MCF7
PIP3,HRAS,ambiguous,MCF7
SOS1,HRAS,ambiguous,MCF7
PDK1_pm,HSP90AA1,ambiguous,MCF7
ESR1,IGF1R,ambiguous,MCF7
FOXO3,IGF1R,ambiguous,MCF7
IGF1,IGF1R,ambiguous,MCF7
INS,IGF1R,ambiguous,MCF7
SRC,IGF1R,ambiguous,MCF7
NOS3,IL1B,ambiguous,MCF7
RELA,IL1B,ambiguous,MCF7
IL1B,IL6,ambiguous,MCF7
IL6,IL6,ambiguous,MCF7
IL6,IL6R,ambiguous,MCF7
STAT5,IL8,ambiguous,MCF7
FOXO3,INSR,ambiguous,MCF7
INS,INSR,ambiguous,MCF7
IGF1R,IRS1,ambiguous,MCF7
INSR,IRS1,ambiguous,MCF7
S6K,IRS1,ambiguous,MCF7
mTORC1,EIF4EBP1,ambiguous,MCF7
ABL1,JAK2,ambiguous,MCF7
IL6R,JAK2,ambiguous,MCF7
IL8,JAK2,ambiguous,MCF7
IRS1,JAK2,ambiguous,MCF7
ERK,JUN,ambiguous,MCF7
MAPK8,JUN,ambiguous,MCF7
PPARG,JUN,ambiguous,MCF7
RELA,JUN,ambiguous,MCF7
AKT,KMT2D,ambiguous,MCF7
PAX7,KMT2D,ambiguous,MCF7
EGFR,KRT14,ambiguous,MCF7
PAK2,KRT14,ambiguous,MCF7
LCK,LATS1,ambiguous,MCF7
NF2,LATS1,ambiguous,MCF7
AKT,LCK,ambiguous,MCF7
ERK,LCK,ambiguous,MCF7
RAC1,MAPK8,ambiguous,MCF7
RND1,MAPK8,ambiguous,MCF7
ERK,MCL1,ambiguous,MCF7
GSK3B,MCL1,ambiguous,MCF7
AKT,MDM2,ambiguous,MCF7
p53,MDM2,ambiguous,MCF7
RAF1,MEK,ambiguous,MCF7
IGF1,mTORC1,ambiguous,MCF7
NRG1,mTORC1,ambiguous,MCF7
PIM,mTORC1,ambiguous,MCF7
RHEB,mTORC1,ambiguous,MCF7
PIP3,mTORC2,ambiguous,MCF7
S6K,mTORC2,ambiguous,MCF7
CTNNB1,MYC,ambiguous,MCF7
EIF4,MYC,ambiguous,MCF7
ERK,MYC,ambiguous,MCF7
ESR1,MYC,ambiguous,MCF7
FOXO3,MYC,ambiguous,MCF7
GSK3B,MYC,ambiguous,MCF7
IGF1,MYC,ambiguous,MCF7
KMT2D,MYC,ambiguous,MCF7
NRG1,MYC,ambiguous,MCF7
PIM,MYC,ambiguous,MCF7
STAT3,MYC,ambiguous,MCF7
ABL1,MYOD1,ambiguous,MCF7
HES1,MYOD1,ambiguous,MCF7
HEY1,MYOG,ambiguous,MCF7
MYOD1,MYOG,ambiguous,MCF7
NOTCH1,NICD,ambiguous,MCF7
PRKACA,NEDD4L,ambiguous,MCF7
SGK1,NEDD4L,ambiguous,MCF7
p53,NF1,ambiguous,MCF7
TWIST1,NF1,ambiguous,MCF7
NEDD4L,NF2,ambiguous,MCF7
NOTCH1,NFKB,ambiguous,MCF7
AKT,NOS3,ambiguous,MCF7
HSP90AA1,NOS3,ambiguous,MCF7
CTNNB1,NOTCH1,ambiguous,MCF7
DLL,NOTCH1,ambiguous,MCF7
LCK,NOTCH1,ambiguous,MCF7
MDM2,NOTCH1,ambiguous,MCF7
AKT,p21,ambiguous,MCF7
ERK,p21,ambiguous,MCF7
MYC,p21,ambiguous,MCF7
MDM2,p53,ambiguous,MCF7
TCF7L2,PAK1,ambiguous,MCF7
RAC1,PAK2,ambiguous,MCF7
SRC,PAK2,ambiguous,MCF7
HES1,PAX7,ambiguous,MCF7
HEY1,PAX7,ambiguous,MCF7
MYOG,PAX7,ambiguous,MCF7
NOTCH1,PAX7,ambiguous,MCF7
IGF1R,PDK1_pm,ambiguous,MCF7
PIP3,PDK1_pm,ambiguous,MCF7
ERK,PGR,ambiguous,MCF7
ESR1,PGR,ambiguous,MCF7
PG,PGR,ambiguous,MCF7
EGFR,PI3K,ambiguous,MCF7
ESR1,PI3K,ambiguous,MCF7
IGF1R,PI3K,ambiguous,MCF7
INSR,PI3K,ambiguous,MCF7
IRS1,PI3K,ambiguous,MCF7
RAS,PI3K,ambiguous,MCF7
STAT5,PIM,ambiguous,MCF7
PI3K,PIP3,ambiguous,MCF7
PTEN,PIP3,ambiguous,MCF7
CEBPB,PPARG,ambiguous,MCF7
GATA3,PPARG,ambiguous,MCF7
CYCLINDc,RB,ambiguous,MCF7
PRKACA,PRKAA2,ambiguous,MCF7
STK11,PRKAA2,ambiguous,MCF7
AKT,PRKACA,ambiguous,MCF7
WNT1,PRKACA,ambiguous,MCF7
S6K,PTEN,ambiguous,MCF7
SRC,PTEN,ambiguous,MCF7
AKT,RAC1,ambiguous,MCF7
DVL1,RAC1,ambiguous,MCF7
PI3K,RAC1,ambiguous,MCF7
HRAS,RAF1,ambiguous,MCF7
RAS,RAF1,ambiguous,MCF7
IGF1,RAS,ambiguous,MCF7
PIP3,RAS,ambiguous,MCF7
SOS1,RAS,ambiguous,MCF7
NFKB,RELA,ambiguous,MCF7
PIM,RELA,ambiguous,MCF7
TSC2,RHEB,ambiguous,MCF7
DVL1,RND1,ambiguous,MCF7
GRB7,RND1,ambiguous,MCF7
mTORC1,S6K,ambiguous,MCF7
mTORC1,SGK1,ambiguous,MCF7
mTORC2,SGK1,ambiguous,MCF7
PDK1_pm,SGK1,ambiguous,MCF7
GRB2,SOS1,ambiguous,MCF7
ABL1,SRC,ambiguous,MCF7
PRKACA,SRC,ambiguous,MCF7
JAK2,STAT1,ambiguous,MCF7
SRC,STAT1,ambiguous,MCF7
IL1B,STAT3,ambiguous,MCF7
JAK2,STAT3,ambiguous,MCF7
MAPK8,STAT3,ambiguous,MCF7
SRC,STAT3,ambiguous,MCF7
EGFR,STAT5,ambiguous,MCF7
JAK2,STAT5,ambiguous,MCF7
SRC,STAT5,ambiguous,MCF7
ERK,STK11,ambiguous,MCF7
CTNNB1,TCF7L2,ambiguous,MCF7
JUN,TCF7L2,ambiguous,MCF7
YAP1,TEAD1,ambiguous,MCF7
KRT14,TRADD,ambiguous,MCF7
AKT,TSC2,ambiguous,MCF7
ERK,TSC2,ambiguous,MCF7
GSK3B,TSC2,ambiguous,MCF7
PRKAA2,TSC2,ambiguous,MCF7
AKT,TWIST1,ambiguous,MCF7
ERK,TWIST1,ambiguous,MCF7
MAPK8,TWIST1,ambiguous,MCF7
ABL1,YAP1,ambiguous,MCF7
LATS1,YAP1,ambiguous,MCF7
GRB2,ABL1,ambiguous,T47D
ABL1,ABL2,ambiguous,T47D
EGF,AKT,ambiguous,T47D
EGFR,AKT,ambiguous,T47D
IGF1R,AKT,ambiguous,T47D
IRS1,AKT,ambiguous,T47D
mTORC2,AKT,ambiguous,T47D
PDK1_pm,AKT,ambiguous,T47D
PIP3,AKT,ambiguous,T47D
AXIN1,APC,ambiguous,T47D
DVL1,AXIN1,ambiguous,T47D
GSK3B,AXIN1,ambiguous,T47D
AKT,BAD,ambiguous,T47D
ERK,BAD,ambiguous,T47D
PAK1,BAD,ambiguous,T47D
PIM,BAD,ambiguous,T47D
BID,BAK1,ambiguous,T47D
BIM,BAK1,ambiguous,T47D
MCL1,BAK1,ambiguous,T47D
p53,BAK1,ambiguous,T47D
BID,BAX,ambiguous,T47D
BIM,BAX,ambiguous,T47D
MCL1,BAX,ambiguous,T47D
p53,BAX,ambiguous,T47D
BAD,BCL2,ambiguous,T47D
BIM,BCL2,ambiguous,T47D
CREB1,BCL2,ambiguous,T47D
ERK,BCL2,ambiguous,T47D
BAD,BCLXL,ambiguous,T47D
BIM,BCLXL,ambiguous,T47D
CREB1,BCLXL,ambiguous,T47D
CASP8,BID,ambiguous,T47D
BCL2,BIM,ambiguous,T47D
BCLXL,BIM,ambiguous,T47D
FOXO1,BIM,ambiguous,T47D
FOXO3,BIM,ambiguous,T47D
CASP8,CASP3,ambiguous,T47D
CASP9,CASP3,ambiguous,T47D
ERK,CASP8,ambiguous,T47D
FADD,CASP8,ambiguous,T47D
SRC,CASP8,ambiguous,T47D
AKT,CASP9,ambiguous,T47D
CASP3,CASP9,ambiguous,T47D
CASP8,CASP9,ambiguous,T47D
CYCS,CASP9,ambiguous,T47D
ERK,CASP9,ambiguous,T47D
CASP3,CDKN2A,ambiguous,T47D
MYC,CDKN2A,ambiguous,T47D
SRC,CDKN2A,ambiguous,T47D
ABL2,CEBPB,ambiguous,T47D
AKT,CREB1,ambiguous,T47D
SGK1,CREB1,ambiguous,T47D
DC,CTNNB1,ambiguous,T47D
WNT1,CTNNB1,ambiguous,T47D
CDKN2A,CYCLINDc,ambiguous,T47D
EIF4,CYCLINDc,ambiguous,T47D
ERK,CYCLINDc,ambiguous,T47D
ESR1,CYCLINDc,ambiguous,T47D
FOXO3,CYCLINDc,ambiguous,T47D
GSK3B,CYCLINDc,ambiguous,T47D
IGF1,CYCLINDc,ambiguous,T47D
KMT2D,CYCLINDc,ambiguous,T47D
MYC,CYCLINDc,ambiguous,T47D
NRG1,CYCLINDc,ambiguous,T47D
p21,CYCLINDc,ambiguous,T47D
TCF7L2,CYCLINDc,ambiguous,T47D
TEAD1,CYCLINDc,ambiguous,T47D
BAK1,CYCS,ambiguous,T47D
BAX,CYCS,ambiguous,T47D
APC,DC,ambiguous,T47D
GSK3B,DC,ambiguous,T47D
FZD3,DVL1,ambiguous,T47D
YAP1,DVL1,ambiguous,T47D
RB,E2F,ambiguous,T47D
EGF,EGFR,ambiguous,T47D
HER2,EGFR,ambiguous,T47D
HER3,EGFR,ambiguous,T47D
MEK,EGFR,ambiguous,T47D
RELA,EGFR,ambiguous,T47D
EIF4EBP1,EIF4,ambiguous,T47D
MEK,ERK,ambiguous,T47D
AKT,ESR1,ambiguous,T47D
ES,ESR1,ambiguous,T47D
FOXO3,ESR1,ambiguous,T47D
KMT2D,ESR1,ambiguous,T47D
PGR,ESR1,ambiguous,T47D
FAS,FADD,ambiguous,T47D
TRADD,FADD,ambiguous,T47D
AKT,FAS,ambiguous,T47D
FASLG,FAS,ambiguous,T47D
p53,FAS,ambiguous,T47D
FASLG,FASLG,ambiguous,T47D
FOXO3,FASLG,ambiguous,T47D
p53,FASLG,ambiguous,T47D
AKT,FOXO1,ambiguous,T47D
SGK1,FOXO1,ambiguous,T47D
AKT,FOXO3,ambiguous,T47D
WNT1,FZD3,ambiguous,T47D
STAT1,GATA3,ambiguous,T47D
EGFR,GRB2,ambiguous,T47D
HER2,GRB2,ambiguous,T47D
IRS1,GRB2,ambiguous,T47D
SRC,GRB2,ambiguous,T47D
INSR,GRB7,ambiguous,T47D
PRKACA,GRB7,ambiguous,T47D
AKT,GSK3B,ambiguous,T47D
ERK,GSK3B,ambiguous,T47D
ESR1,HER2,ambiguous,T47D
FOXO3,HER2,ambiguous,T47D
HER3,HER2,ambiguous,T47D
HER2,HER3,ambiguous,T47D
NRG1,HER3,ambiguous,T47D
NICD,HES1,ambiguous,T47D
NICD,HEY1,ambiguous,T47D
NF1,HRAS,ambiguous,T47D
PIP3,HRAS,ambiguous,T47D
SOS1,HRAS,ambiguous,T47D
ESR1,HSP90AA1,ambiguous,T47D
PDK1_pm,HSP90AA1,ambiguous,T47D
ESR1,IGF1R,ambiguous,T47D
FOXO3,IGF1R,ambiguous,T47D
IGF1,IGF1R,ambiguous,T47D
NOS3,IL1B,ambiguous,T47D
RELA,IL1B,ambiguous,T47D
IL1B,IL6,ambiguous,T47D
IL6,IL6,ambiguous,T47D
IL6,IL6R,ambiguous,T47D
STAT3,IL6R,ambiguous,T47D
STAT5,IL8,ambiguous,T47D
FOXO3,INSR,ambiguous,T47D
INS,INSR,ambiguous,T47D
IGF1R,IRS1,ambiguous,T47D
INSR,IRS1,ambiguous,T47D
S6K,IRS1,ambiguous,T47D
mTORC1,EIF4EBP1,ambiguous,T47D
ABL1,JAK2,ambiguous,T47D
IL6R,JAK2,ambiguous,T47D
IL8,JAK2,ambiguous,T47D
IRS1,JAK2,ambiguous,T47D
ERK,JUN,ambiguous,T47D
MAPK8,JUN,ambiguous,T47D
PPARG,JUN,ambiguous,T47D
RELA,JUN,ambiguous,T47D
AKT,KMT2D,ambiguous,T47D
PAX7,KMT2D,ambiguous,T47D
EGFR,KRT14,ambiguous,T47D
PAK2,KRT14,ambiguous,T47D
LCK,LATS1,ambiguous,T47D
NF2,LATS1,ambiguous,T47D
AKT,LCK,ambiguous,T47D
ERK,LCK,ambiguous,T47D
RAC1,MAPK8,ambiguous,T47D
RND1,MAPK8,ambiguous,T47D
ERK,MCL1,ambiguous,T47D
GSK3B,MCL1,ambiguous,T47D
AKT,MDM2,ambiguous,T47D
p53,MDM2,ambiguous,T47D
RAF1,MEK,ambiguous,T47D
IGF1,mTORC1,ambiguous,T47D
NRG1,mTORC1,ambiguous,T47D
PIM,mTORC1,ambiguous,T47D
RHEB,mTORC1,ambiguous,T47D
PIP3,mTORC2,ambiguous,T47D
S6K,mTORC2,ambiguous,T47D
CTNNB1,MYC,ambiguous,T47D
EIF4,MYC,ambiguous,T47D
ERK,MYC,ambiguous,T47D
ESR1,MYC,ambiguous,T47D
FOXO3,MYC,ambiguous,T47D
GSK3B,MYC,ambiguous,T47D
IGF1,MYC,ambiguous,T47D
JAK2,MYC,ambiguous,T47D
KMT2D,MYC,ambiguous,T47D
NRG1,MYC,ambiguous,T47D
PIM,MYC,ambiguous,T47D
STAT3,MYC,ambiguous,T47D
HES1,MYOD1,ambiguous,T47D
NF2,MYOD1,ambiguous,T47D
HEY1,MYOG,ambiguous,T47D
MYOD1,MYOG,ambiguous,T47D
NOTCH1,NICD,ambiguous,T47D
SGK1,NEDD4L,ambiguous,T47D
TWIST1,NF1,ambiguous,T47D
NEDD4L,NF2,ambiguous,T47D
NOTCH1,NFKB,ambiguous,T47D
AKT,NOS3,ambiguous,T47D
HSP90AA1,NOS3,ambiguous,T47D
CTNNB1,NOTCH1,ambiguous,T47D
DLL,NOTCH1,ambiguous,T47D
LCK,NOTCH1,ambiguous,T47D
AKT,p21,ambiguous,T47D
ERK,p21,ambiguous,T47D
MYC,p21,ambiguous,T47D
MDM2,p53,ambiguous,T47D
PDK1_pm,PAK1,ambiguous,T47D
RAC1,PAK1,ambiguous,T47D
TCF7L2,PAK1,ambiguous,T47D
RAC1,PAK2,ambiguous,T47D
SRC,PAK2,ambiguous,T47D
MYOG,PAX7,ambiguous,T47D
IGF1R,PDK1_pm,ambiguous,T47D
PIP3,PDK1_pm,ambiguous,T47D
ERK,PGR,ambiguous,T47D
ESR1,PGR,ambiguous,T47D
PG,PGR,ambiguous,T47D
EGFR,PI3K,ambiguous,T47D
ESR1,PI3K,ambiguous,T47D
IGF1R,PI3K,ambiguous,T47D
IRS1,PI3K,ambiguous,T47D
NFKB,PIM,ambiguous,T47D
PI3K,PIP3,ambiguous,T47D
PTEN,PIP3,ambiguous,T47D
CEBPB,PPARG,ambiguous,T47D
GATA3,PPARG,ambiguous,T47D
CYCLINDc,RB,ambiguous,T47D
STK11,PRKAA2,ambiguous,T47D
AKT,PRKACA,ambiguous,T47D
WNT1,PRKACA,ambiguous,T47D
S6K,PTEN,ambiguous,T47D
SRC,PTEN,ambiguous,T47D
AKT,RAC1,ambiguous,T47D
DVL1,RAC1,ambiguous,T47D
PI3K,RAC1,ambiguous,T47D
HRAS,RAF1,ambiguous,T47D
RAS,RAF1,ambiguous,T47D
PIP3,RAS,ambiguous,T47D
SOS1,RAS,ambiguous,T47D
NFKB,RELA,ambiguous,T47D
PIM,RELA,ambiguous,T47D
TSC2,RHEB,ambiguous,T47D
DVL1,RND1,ambiguous,T47D
GRB7,RND1,ambiguous,T47D
ERK,S6K,ambiguous,T47D
mTORC1,S6K,ambiguous,T47D
mTORC1,SGK1,ambiguous,T47D
mTORC2,SGK1,ambiguous,T47D
PDK1_pm,SGK1,ambiguous,T47D
GRB2,SOS1,ambiguous,T47D
PRKACA,SRC,ambiguous,T47D
EGFR,STAT1,ambiguous,T47D
JAK2,STAT1,ambiguous,T47D
SRC,STAT1,ambiguous,T47D
IL1B,STAT3,ambiguous,T47D
JAK2,STAT3,ambiguous,T47D
MAPK8,STAT3,ambiguous,T47D
SRC,STAT3,ambiguous,T47D
JAK2,STAT5,ambiguous,T47D
ERK,STK11,ambiguous,T47D
FOXO3,STK11,ambiguous,T47D
CTNNB1,TCF7L2,ambiguous,T47D
JUN,TCF7L2,ambiguous,T47D
YAP1,TEAD1,ambiguous,T47D
KRT14,TRADD,ambiguous,T47D
AKT,TSC2,ambiguous,T47D
ERK,TSC2,ambiguous,T47D
GSK3B,TSC2,ambiguous,T47D
PRKAA2,TSC2,ambiguous,T47D
ERK,TWIST1,ambiguous,T47D
ABL1,YAP1,ambiguous,T47D
LATS1,YAP1,ambiguous,T47D
