model_name,N,repeat,start_train,start_valid,Cell Cycle Transcription by Coupled CDK and Network Oscillators,9,0,48.75,72.0,[3, 9, 12, 15, 18, 21, 31, 41, 45, 47, 53, 58, 59, 64, 68, 71, 82, 89],13.125,18.0,[56.5, 56.5, 65.0, 65.5, 67.0, 68.0, 68.0, 70.5, 70.5, 70.5, 71.0, 71.0, 71.0, 72.0]
Cell Cycle Transcription by Coupled CDK and Network Oscillators,9,1,26.75,72.0,[1, 10, 11, 20, 23, 28, 44, 51, 54, 56, 58, 66, 70, 71, 74, 78, 79, 85],6.125,18.0,[64.5, 68.5, 68.5, 69.5, 69.5, 70.5, 71.5, 71.5, 72.0]
Cell Cycle Transcription by Coupled CDK and Network Oscillators,9,2,7.0,72.0,[1, 4, 5, 6, 13, 15, 16, 19, 27, 30, 32, 38, 40, 41, 47, 55, 66, 78],0.0,18.0,[26.0, 26.75, 29.875, 31.875, 33.875, 59.0, 63.5, 63.75, 64.75, 66.0, 67.0, 67.0, 67.0, 67.0, 68.0, 69.0, 69.0, 69.0, 72.0]
Cell Cycle Transcription by Coupled CDK and Network Oscillators,9,3,23.1875,72.0,[1, 9, 11, 17, 19, 25, 26, 29, 31, 38, 42, 47, 55, 60, 69, 70, 71, 80],4.5,18.0,[57.75, 59.5, 61.25, 63.75, 65.75, 65.75, 67.75, 67.75, 69.5, 69.5, 70.0, 70.5, 70.5, 70.5, 70.5, 70.5, 70.5, 70.5, 71.0, 71.0, 71.0, 71.0, 72.0]
Cell Cycle Transcription by Coupled CDK and Network Oscillators,9,4,38.0,72.0,[7, 8, 9, 15, 17, 19, 29, 35, 48, 56, 59, 64, 65, 74, 75, 78, 84, 87],4.0,18.0,[56.5, 56.5, 60.5, 62.5, 63.0, 65.0, 68.5, 69.5, 71.5, 71.5, 72.0]
Cortical Area Development,5,0,35.5,40.0,[4, 9, 10, 13, 20, 30, 36, 37, 41, 46],7.5,9.5,[39.0, 39.0, 40.0]
Cortical Area Development,5,1,25.083333333333336,40.0,[12, 15, 20, 21, 26, 31, 33, 37, 42, 44],6.833333333333333,9.0,[28.875, 30.25, 33.0, 33.5, 35.5, 37.5, 39.5, 39.5, 39.5, 39.5, 40.0]
Cortical Area Development,5,2,31.666666666666668,40.0,[1, 6, 13, 23, 28, 30, 39, 40, 42, 45],9.5,10.0,[32.50000000000001, 34.50000000000001, 34.50000000000001, 37.66666666666667, 38.5, 38.66666666666667, 39.5, 39.5, 39.5, 39.5, 39.5, 39.5, 39.5, 39.5, 39.5, 39.5, 39.5, 39.5, 39.5, 39.5, 39.5, 39.5, 39.5, 39.5, 39.5, 39.5, 39.5, 39.5, 39.5, 39.5, 39.5, 39.5, 39.5, 39.5, 39.5, 39.5, 39.5, 39.5, 40.0]
Cortical Area Development,5,3,31.75,40.0,[3, 4, 20, 25, 26, 28, 30, 39, 40, 47],6.833333333333333,9.0,[35.5, 35.5, 38.0, 38.0, 38.0, 38.0, 38.0, 39.0, 39.0, 39.0, 40.0]
Cortical Area Development,5,4,25.5,39.0,[15, 19, 20, 26, 28, 32, 34, 35, 36, 39],6.0,9.0,[28.5, 29.5, 30.5, 36.0, 36.0, 36.75, 37.25, 37.25, 37.25, 37.25, 37.25, 37.25, 37.25, 37.25, 37.25, 37.25, 38.5, 38.5, 38.5, 38.5, 38.5, 39.0, 39.0, 39.0, 39.0, 39.0, 39.0, 39.0, 39.0, 39.0, 39.0, 39.0, 39.0, 39.0, 39.0, 39.0, 39.0, 39.0, 39.0, 39.0, 39.0, 39.0, 39.0, 39.0, 39.0, 39.0, 39.0, 39.0, 39.0, 39.0, 39.0, 39.0, 39.0, 39.0, 39.0, 39.0, 39.0, 39.0, 39.0, 39.0, 39.0, 39.0, 39.0, 39.0, 39.0, 39.0, 39.0, 39.0, 39.0, 39.0, 39.0, 39.0, 39.0, 39.0, 39.0, 39.0, 39.0, 39.0, 39.0, 39.0, 39.0, 39.0, 39.0, 39.0, 39.0, 39.0, 39.0, 39.0, 39.0, 39.0, 39.0, 39.0, 39.0, 39.0, 39.0, 39.0, 39.0, 39.0, 39.0, 39.0]
model_name,N,repeat,start_train,start_valid,model_name,N,repeat,start_train,start_valid,Arabidopsis thaliana Cell Cycle,14,0,2.0,103.66666666666667,[2, 3, 5, 21, 27, 28, 31, 37, 43, 45, 49, 57, 67, 69, 74, 77, 80, 81, 89, 92, 101, 105, 106, 113, 116, 120, 129, 137],0.0,23.166666666666668,[66.25, 70.25, 74.0, 80.0, 82.75, 84.5, 87.0, 87.66666666666666, 89.0, 89.25, 92.75, 94.25, 94.75, 95.75, 96.5, 96.75, 99.0, 100.0, 100.0, 100.5, 100.5, 101.0, 101.0, 101.0, 101.0, 101.0, 101.0, 101.0, 101.0, 101.0, 101.0, 101.0, 101.0, 101.0, 101.0, 101.5, 101.5, 101.5, 101.5, 101.5, 101.5, 101.5, 101.66666666666667, 102.0, 102.16666666666667, 102.16666666666667, 102.16666666666667, 103.16666666666667, 103.16666666666667, 103.16666666666667, 103.16666666666667, 103.16666666666667, 103.16666666666667, 103.16666666666667, 103.16666666666667, 103.16666666666667, 103.16666666666667, 103.16666666666667, 103.16666666666667, 103.16666666666667, 103.16666666666667, 103.16666666666667, 103.16666666666667, 103.16666666666667, 103.16666666666667, 103.16666666666667, 103.16666666666667, 103.16666666666667, 103.16666666666667, 103.66666666666667, 103.66666666666667, 103.66666666666667, 103.66666666666667, 103.66666666666667, 103.66666666666667, 103.66666666666667, 103.66666666666667, 103.66666666666667, 103.66666666666667, 103.66666666666667, 103.66666666666667, 103.66666666666667, 103.66666666666667, 103.66666666666667, 103.66666666666667, 103.66666666666667, 103.66666666666667, 103.66666666666667, 103.66666666666667, 103.66666666666667, 103.66666666666667, 103.66666666666667, 103.66666666666667, 103.66666666666667, 103.66666666666667, 103.66666666666667, 103.66666666666667, 103.66666666666667, 103.66666666666667, 103.66666666666667]
Arabidopsis thaliana Cell Cycle,14,1,8.0,100.41666666666667,[4, 7, 11, 12, 18, 27, 30, 40, 44, 46, 47, 53, 54, 56, 61, 68, 74, 78, 79, 84, 85, 91, 95, 117, 120, 123, 125, 128],0.5,25.0,[76.65625, 77.09375, 81.0, 84.0625, 86.5, 87.5625, 88.5625, 88.75, 91.5, 91.5, 94.5, 95.25, 96.5, 96.5, 96.5, 96.5, 96.86111111111111, 96.86111111111111, 97.19444444444444, 97.19444444444444, 97.91666666666667, 97.91666666666667, 97.91666666666667, 98.16666666666667, 98.16666666666667, 98.16666666666667, 98.5, 99.0, 99.0, 99.16666666666667, 99.16666666666667, 99.16666666666667, 99.16666666666667, 99.16666666666667, 99.16666666666667, 99.16666666666667, 99.75, 99.75, 99.91666666666667, 99.91666666666667, 99.91666666666667, 99.91666666666667, 99.91666666666667, 99.91666666666667, 99.91666666666667, 99.91666666666667, 99.91666666666667, 99.91666666666667, 99.91666666666667, 99.91666666666667, 99.91666666666667, 99.91666666666667, 100.25, 100.41666666666667, 100.41666666666667, 100.41666666666667, 100.41666666666667, 100.41666666666667, 100.41666666666667, 100.41666666666667, 100.41666666666667, 100.41666666666667, 100.41666666666667, 100.41666666666667, 100.41666666666667, 100.41666666666667, 100.41666666666667, 100.41666666666667, 100.41666666666667, 100.41666666666667, 100.41666666666667, 100.41666666666667, 100.41666666666667, 100.41666666666667, 100.41666666666667, 100.41666666666667, 100.41666666666667, 100.41666666666667, 100.41666666666667, 100.41666666666667, 100.41666666666667, 100.41666666666667, 100.41666666666667, 100.41666666666667, 100.41666666666667, 100.41666666666667, 100.41666666666667, 100.41666666666667, 100.41666666666667, 100.41666666666667, 100.41666666666667, 100.41666666666667, 100.41666666666667, 100.41666666666667, 100.41666666666667, 100.41666666666667, 100.41666666666667, 100.41666666666667, 100.41666666666667, 100.41666666666667]
Arabidopsis thaliana Cell Cycle,14,2,9.0,106.25,[3, 4, 9, 11, 28, 38, 43, 48, 49, 53, 55, 64, 65, 70, 78, 85, 90, 93, 95, 97, 100, 103, 113, 116, 125, 128, 134, 139],1.0,24.5,[35.333333333333336, 71.83333333333333, 75.36111111111111, 81.25, 91.75, 93.75, 96.25, 97.25, 97.75, 98.25, 98.75, 98.75, 99.25, 100.25, 100.75, 101.75, 101.75, 102.25, 102.75, 102.75, 102.75, 102.75, 103.25, 103.25, 103.25, 103.25, 103.25, 104.0, 104.0, 104.0, 104.0, 104.0, 104.0, 104.0, 104.0, 104.0, 104.0, 104.0, 104.0, 104.5, 104.5, 104.5, 104.75, 105.0, 105.0, 105.0, 105.0, 105.0, 105.5, 105.5, 105.5, 105.5, 105.5, 105.5, 105.5, 105.5, 105.5, 105.5, 105.5, 105.5, 105.5, 105.5, 105.5, 106.0, 106.0, 106.0, 106.0, 106.0, 106.25, 106.25, 106.25, 106.25, 106.25, 106.25, 106.25, 106.25, 106.25, 106.25, 106.25, 106.25, 106.25, 106.25, 106.25, 106.25, 106.25, 106.25, 106.25, 106.25, 106.25, 106.25, 106.25, 106.25, 106.25, 106.25, 106.25, 106.25, 106.25, 106.25, 106.25, 106.25]
Arabidopsis thaliana Cell Cycle,14,3,29.666666666666668,106.5,[2, 4, 10, 16, 17, 18, 19, 24, 45, 48, 50, 51, 59, 65, 77, 88, 95, 97, 98, 99, 114, 116, 118, 121, 124, 125, 129, 135],5.0,25.75,[45.16666666666668, 56.16666666666667, 60.83333333333333, 74.25, 79.0, 80.0, 81.5, 83.75, 84.75, 87.5, 89.5, 89.5, 91.5, 92.5, 93.0, 94.5, 95.5, 100.5, 101.5, 102.5, 102.5, 103.5, 103.5, 104.5, 104.5, 104.5, 104.5, 104.5, 104.5, 105.5, 105.5, 105.5, 106.0, 106.0, 106.0, 106.0, 106.0, 106.0, 106.0, 106.0, 106.0, 106.0, 106.0, 106.0, 106.0, 106.0, 106.0, 106.0, 106.0, 106.0, 106.0, 106.0, 106.0, 106.0, 106.0, 106.0, 106.0, 106.0, 106.0, 106.0, 106.0, 106.0, 106.0, 106.0, 106.0, 106.0, 106.0, 106.0, 106.0, 106.0, 106.0, 106.0, 106.0, 106.0, 106.0, 106.0, 106.5, 106.5, 106.5, 106.5, 106.5, 106.5, 106.5, 106.5, 106.5, 106.5, 106.5, 106.5, 106.5, 106.5, 106.5, 106.5, 106.5, 106.5, 106.5, 106.5, 106.5, 106.5, 106.5, 106.5]
Arabidopsis thaliana Cell Cycle,14,4,28.083333333333332,104.25,[7, 15, 18, 20, 21, 27, 28, 30, 37, 48, 49, 51, 56, 63, 66, 79, 88, 89, 96, 99, 100, 102, 106, 116, 128, 131, 132, 134],4.0,24.0,[64.25, 74.16666666666666, 74.16666666666666, 78.5, 81.125, 85.66666666666666, 87.25, 88.58333333333334, 90.25, 90.75, 92.25, 93.25, 93.25, 96.75, 98.75, 98.75, 98.75, 99.25, 99.33333333333334, 99.75, 99.83333333333334, 100.25, 100.5, 100.58333333333334, 101.33333333333333, 101.33333333333333, 101.58333333333333, 101.58333333333333, 101.58333333333333, 101.58333333333333, 101.58333333333333, 101.58333333333333, 101.58333333333333, 101.625, 101.625, 102.125, 102.125, 102.72222222222223, 102.72222222222223, 102.72222222222223, 102.72222222222223, 102.72222222222223, 102.72222222222223, 102.875, 103.5, 103.5, 103.5, 103.5, 103.75, 103.75, 104.0, 104.25, 104.25, 104.25, 104.25, 104.25, 104.25, 104.25, 104.25, 104.25, 104.25, 104.25, 104.25, 104.25, 104.25, 104.25, 104.25, 104.25, 104.25, 104.25, 104.25, 104.25, 104.25, 104.25, 104.25, 104.25, 104.25, 104.25, 104.25, 104.25, 104.25, 104.25, 104.25, 104.25, 104.25, 104.25, 104.25, 104.25, 104.25, 104.25, 104.25, 104.25, 104.25, 104.25, 104.25, 104.25, 104.25, 104.25, 104.25, 104.25]
Aurora Kinase A in Neuroblastoma,23,0,112.5,177.25,[1, 12, 13, 14, 15, 35, 37, 39, 40, 44, 46, 52, 55, 60, 61, 70, 73, 81, 83, 87, 89, 92, 96, 103, 108, 112, 114, 117, 153, 154, 161, 164, 168, 173, 175, 182, 184, 191, 194, 200, 207, 210, 212, 215, 216, 226],28.0,43.0,[157.0, 159.25, 161.0, 161.5, 168.0, 169.25, 170.0, 171.25, 171.5, 172.25, 172.5, 172.5, 172.75, 173.25, 173.25, 173.25, 173.25, 175.25, 175.25, 176.25, 176.25, 176.75, 176.75, 176.75, 176.75, 176.75, 176.75, 176.75, 176.75, 176.75, 176.75, 176.75, 176.75, 176.75, 176.75, 176.75, 176.75, 176.75, 176.75, 176.75, 176.75, 176.75, 176.75, 176.75, 176.75, 176.75, 176.75, 176.75, 176.75, 176.75, 176.75, 176.75, 176.75, 176.75, 176.75, 176.75, 176.75, 176.75, 176.75, 176.75, 176.75, 176.75, 176.75, 176.75, 176.75, 176.75, 176.75, 176.75, 176.75, 176.75, 176.75, 176.75, 176.75, 176.75, 176.75, 176.75, 176.75, 176.75, 176.75, 176.75, 176.75, 176.75, 176.75, 176.75, 176.75, 176.75, 176.75, 176.75, 176.75, 176.75, 176.75, 176.75, 176.75, 176.75, 176.75, 176.75, 176.75, 176.75, 176.75, 177.25]
Aurora Kinase A in Neuroblastoma,23,1,68.5,176.5,[3, 4, 8, 21, 24, 32, 40, 42, 45, 54, 57, 60, 64, 67, 76, 85, 86, 94, 101, 102, 114, 119, 123, 128, 130, 132, 134, 140, 146, 162, 165, 175, 177, 180, 188, 190, 195, 197, 199, 200, 207, 212, 217, 218, 219, 230],16.5,39.91666666666667,[125.83333333333334, 134.5, 145.50000000000003, 157.66666666666663, 158.16666666666663, 160.16666666666663, 161.5, 163.33333333333334, 166.33333333333334, 166.83333333333334, 167.5, 168.33333333333334, 168.5, 169.5, 169.5, 170.33333333333334, 170.8333333333333, 171.3333333333333, 171.33333333333331, 172.49999999999997, 173.33333333333331, 174.33333333333331, 175.16666666666666, 175.5, 175.5, 175.83333333333331, 176.5, 176.5, 176.5, 176.5, 176.5, 176.5, 176.5, 176.5, 176.5, 176.5, 176.5, 176.5, 176.5, 176.5, 176.5, 176.5, 176.5, 176.5, 176.5, 176.5, 176.5, 176.5, 176.5, 176.5, 176.5, 176.5, 176.5, 176.5, 176.5, 176.5, 176.5, 176.5, 176.5, 176.5, 176.5, 176.5, 176.5, 176.5, 176.5, 176.5, 176.5, 176.5, 176.5, 176.5, 176.5, 176.5, 176.5, 176.5, 176.5, 176.5, 176.5, 176.5, 176.5, 176.5, 176.5, 176.5, 176.5, 176.5, 176.5, 176.5, 176.5, 176.5, 176.5, 176.5, 176.5, 176.5, 176.5, 176.5, 176.5, 176.5, 176.5, 176.5, 176.5, 176.5]
Aurora Kinase A in Neuroblastoma,23,2,90.5,183.5,[7, 14, 24, 25, 28, 46, 55, 59, 63, 67, 68, 73, 76, 77, 86, 88, 89, 92, 95, 96, 99, 104, 108, 113, 115, 119, 123, 127, 134, 136, 142, 143, 153, 159, 161, 169, 174, 178, 186, 191, 199, 207, 218, 221, 223, 230],24.5,46.0,[168.0, 168.0, 170.0, 170.5, 172.0, 173.5, 174.5, 174.5, 176.5, 178.5, 178.5, 180.0, 182.5, 182.5, 183.5, 183.5, 183.5, 183.5, 183.5, 183.5, 183.5, 183.5, 183.5, 183.5, 183.5, 183.5, 183.5, 183.5, 183.5, 183.5, 183.5, 183.5, 183.5, 183.5, 183.5, 183.5, 183.5, 183.5, 183.5, 183.5, 183.5, 183.5, 183.5, 183.5, 183.5, 183.5, 183.5, 183.5, 183.5, 183.5, 183.5, 183.5, 183.5, 183.5, 183.5, 183.5, 183.5, 183.5, 183.5, 183.5, 183.5, 183.5, 183.5, 183.5, 183.5, 183.5, 183.5, 183.5, 183.5, 183.5, 183.5, 183.5, 183.5, 183.5, 183.5, 183.5, 183.5, 183.5, 183.5, 183.5, 183.5, 183.5, 183.5, 183.5, 183.5, 183.5, 183.5, 183.5, 183.5, 183.5, 183.5, 183.5, 183.5, 183.5, 183.5, 183.5, 183.5, 183.5, 183.5, 183.5]
Aurora Kinase A in Neuroblastoma,23,3,52.33333333333333,182.0,[6, 7, 12, 13, 15, 17, 18, 19, 25, 33, 52, 53, 60, 64, 65, 73, 78, 94, 100, 102, 103, 108, 110, 111, 115, 118, 120, 121, 126, 129, 132, 135, 138, 142, 152, 163, 170, 171, 174, 177, 184, 189, 214, 227, 229, 230],9.0,45.0,[111.13333333333333, 132.125, 148.63888888888894, 151.1111111111111, 158.77777777777774, 162.19444444444446, 162.19444444444446, 165.1111111111111, 165.94444444444446, 166.7777777777778, 167.33333333333334, 168.2777777777778, 168.7777777777778, 168.83333333333334, 169.00000000000003, 169.00000000000003, 169.00000000000003, 169.50000000000003, 169.50000000000003, 170.33333333333337, 170.50000000000003, 170.83333333333337, 171.00000000000003, 171.00000000000003, 171.08333333333337, 171.08333333333337, 174.0833333333334, 174.0833333333334, 174.0833333333334, 174.5833333333334, 174.5833333333334, 174.5833333333334, 174.5833333333334, 174.66666666666674, 174.66666666666674, 174.66666666666674, 174.66666666666674, 174.66666666666674, 174.66666666666674, 174.66666666666674, 174.66666666666674, 174.66666666666674, 174.66666666666674, 175.66666666666674, 175.66666666666674, 175.66666666666674, 177.75, 179.0, 179.0, 179.0, 180.5, 181.0, 181.0, 181.5, 181.5, 181.5, 181.5, 182.0, 182.0, 182.0, 182.0, 182.0, 182.0, 182.0, 182.0, 182.0, 182.0, 182.0, 182.0, 182.0, 182.0, 182.0, 182.0, 182.0, 182.0, 182.0, 182.0, 182.0, 182.0, 182.0, 182.0, 182.0, 182.0, 182.0, 182.0, 182.0, 182.0, 182.0, 182.0, 182.0, 182.0, 182.0, 182.0, 182.0, 182.0, 182.0, 182.0, 182.0, 182.0, 182.0]
Aurora Kinase A in Neuroblastoma,23,4,33.0,184.0,[1, 3, 8, 9, 13, 18, 19, 23, 29, 35, 39, 45, 48, 53, 59, 61, 84, 85, 86, 93, 97, 99, 112, 113, 114, 120, 122, 131, 134, 141, 143, 144, 164, 168, 171, 172, 177, 185, 204, 209, 214, 216, 222, 223, 227, 228],7.0,46.0,[137.66666666666666, 139.66666666666666, 156.66666666666669, 167.0, 169.25, 171.0, 171.5, 171.5, 174.0, 176.25, 177.75, 179.75, 179.75, 181.5, 181.5, 181.75, 182.5, 182.5, 182.75, 182.75, 182.75, 182.75, 182.75, 182.75, 182.75, 182.75, 182.75, 182.75, 182.75, 182.75, 183.0, 184.0]
B cell differentiation,22,0,56.500000000000014,170.66666666666669,[1, 19, 23, 26, 27, 30, 34, 43, 45, 47, 50, 51, 52, 57, 69, 85, 86, 92, 93, 94, 97, 101, 111, 113, 125, 138, 152, 161, 163, 166, 170, 171, 173, 175, 177, 181, 183, 186, 188, 203, 210, 212, 213, 215],17.944444444444443,42.5,[109.95555555555556, 123.03125, 130.09444444444443, 163.75000000000003, 164.41666666666669, 164.5, 164.91666666666669, 165.73333333333338, 166.40000000000003, 166.40000000000003, 168.0, 168.0, 168.5, 168.5, 169.33333333333331, 169.33333333333331, 169.33333333333331, 169.33333333333331, 169.33333333333331, 169.41666666666666, 169.41666666666666, 169.41666666666666, 169.41666666666666, 169.41666666666666, 169.41666666666666, 169.75, 169.75, 169.75, 169.75, 169.75, 169.75, 169.75, 169.75, 169.75, 169.75, 169.75, 169.75, 169.75, 170.16666666666669, 170.16666666666669, 170.16666666666669, 170.41666666666669, 170.41666666666669, 170.41666666666669, 170.41666666666669, 170.41666666666669, 170.41666666666669, 170.5, 170.5, 170.66666666666669, 170.66666666666669, 170.66666666666669, 170.66666666666669, 170.66666666666669, 170.66666666666669, 170.66666666666669, 170.66666666666669, 170.66666666666669, 170.66666666666669, 170.66666666666669, 170.66666666666669, 170.66666666666669, 170.66666666666669, 170.66666666666669, 170.66666666666669, 170.66666666666669, 170.66666666666669, 170.66666666666669, 170.66666666666669, 170.66666666666669, 170.66666666666669, 170.66666666666669, 170.66666666666669, 170.66666666666669, 170.66666666666669, 170.66666666666669, 170.66666666666669, 170.66666666666669, 170.66666666666669, 170.66666666666669, 170.66666666666669, 170.66666666666669, 170.66666666666669, 170.66666666666669, 170.66666666666669, 170.66666666666669, 170.66666666666669, 170.66666666666669, 170.66666666666669, 170.66666666666669, 170.66666666666669, 170.66666666666669, 170.66666666666669, 170.66666666666669, 170.66666666666669, 170.66666666666669, 170.66666666666669, 170.66666666666669, 170.66666666666669, 170.66666666666669]
B cell differentiation,22,1,80.44444444444446,176.0,[4, 5, 12, 16, 19, 29, 31, 36, 37, 48, 56, 60, 64, 66, 69, 71, 72, 73, 77, 78, 79, 83, 88, 97, 99, 105, 110, 115, 116, 117, 123, 126, 141, 143, 146, 181, 183, 186, 198, 202, 208, 212, 213, 220],22.11111111111111,44.0,[131.6111111111111, 145.1111111111111, 158.74583333333334, 160.27777777777777, 168.0, 170.66666666666669, 171.66666666666669, 172.0, 174.0, 174.0, 174.33333333333334, 174.33333333333334, 175.0, 175.0, 175.5, 175.5, 175.5, 175.5, 175.5, 176.0]
B cell differentiation,22,2,62.61111111111111,175.0,[11, 12, 23, 25, 29, 39, 43, 46, 48, 55, 73, 74, 75, 76, 84, 98, 107, 111, 112, 117, 122, 124, 126, 128, 136, 140, 146, 147, 152, 158, 165, 171, 172, 174, 178, 183, 190, 195, 200, 202, 205, 208, 213, 215],10.305555555555557,43.0,[97.18055555555556, 113.84222222222225, 138.16666666666666, 159.5, 159.5, 161.0, 161.66666666666669, 171.33333333333331, 172.66666666666669, 172.83333333333331, 173.33333333333331, 173.33333333333334, 173.83333333333334, 174.16666666666669, 175.0, 175.0, 175.0, 175.0, 175.0, 175.0, 175.0, 175.0, 175.0, 175.0, 175.0, 175.0, 175.0, 175.0, 175.0, 175.0, 175.0, 175.0, 175.0, 175.0, 175.0, 175.0, 175.0, 175.0, 175.0, 175.0, 175.0, 175.0, 175.0, 175.0, 175.0, 175.0, 175.0, 175.0, 175.0, 175.0, 175.0, 175.0, 175.0, 175.0, 175.0, 175.0, 175.0, 175.0, 175.0, 175.0, 175.0, 175.0, 175.0, 175.0, 175.0, 175.0, 175.0, 175.0, 175.0, 175.0, 175.0, 175.0, 175.0, 175.0, 175.0, 175.0, 175.0, 175.0, 175.0, 175.0, 175.0, 175.0, 175.0, 175.0, 175.0, 175.0, 175.0, 175.0, 175.0, 175.0, 175.0, 175.0, 175.0, 175.0, 175.0, 175.0, 175.0, 175.0, 175.0, 175.0]
B cell differentiation,22,3,79.65555555555557,176.0,[2, 15, 31, 40, 43, 47, 54, 55, 56, 58, 67, 68, 69, 78, 79, 82, 92, 95, 98, 101, 103, 105, 106, 111, 117, 121, 129, 130, 136, 139, 155, 156, 166, 168, 170, 171, 175, 177, 178, 200, 202, 209, 212, 220],19.53333333333333,44.0,[101.921, 112.92099999999999, 119.35185185185185, 135.6018518518518, 146.41666666666666, 152.14999999999998, 153.89999999999998, 162.64999999999998, 163.14999999999998, 163.39999999999998, 163.64999999999998, 163.64999999999998, 163.64999999999998, 164.28333333333333, 164.75, 164.85, 168.59999999999997, 168.59999999999997, 168.74999999999997, 168.74999999999997, 168.91666666666666, 168.91666666666666, 170.0, 170.0, 170.0, 170.0, 170.0, 170.0, 170.0, 171.0, 171.0, 171.0, 171.0, 171.0, 171.0, 171.0, 171.0, 172.0, 172.0, 172.0, 172.0, 172.0, 172.0, 172.0, 172.0, 172.0, 172.0, 172.0, 172.0, 172.0, 172.0, 172.0, 172.0, 172.0, 172.0, 172.0, 172.0, 172.0, 172.0, 172.0, 172.0, 172.0, 172.0, 172.0, 172.0, 172.0, 172.0, 172.0, 172.0, 172.0, 172.0, 172.0, 172.0, 172.0, 172.0, 172.0, 172.0, 172.0, 172.0, 172.0, 172.0, 172.0, 172.0, 172.0, 172.83333333333331, 173.0, 173.33333333333331, 175.0, 175.0, 175.0, 175.0, 175.0, 175.0, 175.0, 175.0, 176.0]
B cell differentiation,22,4,109.99074074074075,176.0,[1, 3, 7, 11, 12, 15, 16, 17, 19, 22, 31, 40, 41, 58, 67, 71, 73, 74, 79, 85, 90, 106, 116, 118, 138, 142, 144, 148, 153, 157, 159, 167, 172, 182, 186, 187, 189, 192, 195, 197, 206, 207, 218, 219],28.48611111111111,43.0,[134.55092592592592, 136.63, 138.55092592592592, 161.8, 161.8, 161.8, 164.8, 165.9666666666667, 166.83333333333334, 167.83333333333331, 168.0, 169.0, 170.0, 170.66666666666666, 171.0, 171.5, 172.83333333333331, 173.83333333333334, 174.5, 175.5, 176.0]
BT474 Breast Cell Line Long-term ErbB Network,24,0,97.30963174176841,191.71428571428572,[1, 3, 15, 17, 18, 27, 30, 44, 45, 49, 51, 55, 59, 72, 88, 91, 101, 106, 107, 109, 120, 134, 136, 137, 141, 145, 146, 148, 154, 155, 160, 171, 178, 185, 188, 204, 209, 210, 213, 216, 217, 220, 222, 224, 230, 234, 237, 238],22.11066760037349,45.44047619047618,[120.04289613598506, 129.99721600671825, 132.9351978723472, 133.39060802563583, 141.50316280180326, 145.1799869104734, 149.71164676568765, 151.75140116159886, 157.2352997915715, 159.6649763297226, 161.0898126422715, 163.918618277537, 165.7400637262432, 165.93376252520963, 168.62577945123041, 170.74285862178996, 172.82933298585465, 178.9960214125176, 179.12935474585095, 182.34352240896357, 182.58063385889469, 183.84803312629398, 184.68571428571428, 185.68571428571428, 186.91507936507935, 186.91507936507935, 187.56923076923078, 188.09065934065933, 188.11288156288157, 188.8216117216117, 188.8216117216117, 188.8216117216117, 188.84621489621486, 189.3216117216117, 189.3216117216117, 189.3216117216117, 189.46446886446884, 190.15079365079364, 190.65079365079364, 190.79365079365078, 190.93650793650792, 191.32142857142858, 191.32142857142858, 191.32142857142858, 191.32142857142858, 191.57142857142858, 191.57142857142858, 191.57142857142858, 191.57142857142858, 191.57142857142858, 191.57142857142858, 191.57142857142858, 191.57142857142858, 191.57142857142858, 191.57142857142858, 191.57142857142858, 191.57142857142858, 191.57142857142858, 191.57142857142858, 191.57142857142858, 191.71428571428572, 191.71428571428572, 191.71428571428572, 191.71428571428572, 191.71428571428572, 191.71428571428572, 191.71428571428572, 191.71428571428572, 191.71428571428572, 191.71428571428572, 191.71428571428572, 191.71428571428572, 191.71428571428572, 191.71428571428572, 191.71428571428572, 191.71428571428572, 191.71428571428572, 191.71428571428572, 191.71428571428572, 191.71428571428572, 191.71428571428572, 191.71428571428572, 191.71428571428572, 191.71428571428572, 191.71428571428572, 191.71428571428572, 191.71428571428572, 191.71428571428572, 191.71428571428572, 191.71428571428572, 191.71428571428572, 191.71428571428572, 191.71428571428572, 191.71428571428572, 191.71428571428572, 191.71428571428572, 191.71428571428572, 191.71428571428572, 191.71428571428572, 191.71428571428572]
BT474 Breast Cell Line Long-term ErbB Network,24,1,76.62219127363863,191.0,[9, 14, 15, 16, 21, 26, 29, 33, 35, 41, 46, 47, 48, 55, 60, 64, 75, 78, 83, 96, 104, 110, 111, 118, 123, 126, 127, 130, 134, 136, 144, 164, 170, 174, 175, 179, 180, 183, 190, 192, 196, 210, 218, 222, 223, 236, 239, 240],22.990038136466705,45.32142857142857,[105.64390860879602, 120.63147415809688, 128.73323681173645, 141.91364988426153, 146.531861671819, 153.4951058398838, 155.66021540543423, 158.33402492924378, 159.95446664489626, 163.15595486687738, 163.9885420060677, 165.2207143503871, 166.72101228835453, 168.01669974928762, 168.82547364374847, 169.819423223835, 176.36525764558024, 177.38560606060608, 178.45151515151514, 178.45151515151514, 180.40912698412694, 180.40912698412694, 181.42412698412696, 181.42412698412696, 183.92412698412696, 184.69079365079364, 184.69079365079364, 184.85270964296535, 184.85270964296535, 185.1896410606937, 185.30202779676466, 185.4166917877444, 185.90032088821562, 185.96573426573428, 186.51665001665003, 186.97707029812292, 187.31610085050352, 187.45783952889215, 187.77575757575758, 188.16610085050354, 188.16610085050354, 188.54995680878037, 188.6516629136687, 188.7938646426312, 188.84597701149426, 189.12988614800759, 189.12988614800759, 189.2390102460082, 189.2578431372549, 189.3809200603318, 189.3809200603318, 189.3809200603318, 189.3809200603318, 189.3809200603318, 189.44156406748743, 189.44156406748743, 189.58274053807568, 189.93415892672857, 190.31693404634578, 190.45811051693403, 190.45811051693403, 190.9090909090909, 190.9090909090909, 190.9090909090909, 191.0, 191.0, 191.0, 191.0, 191.0, 191.0, 191.0, 191.0, 191.0, 191.0, 191.0, 191.0, 191.0, 191.0, 191.0, 191.0, 191.0, 191.0, 191.0, 191.0, 191.0, 191.0, 191.0, 191.0, 191.0, 191.0, 191.0, 191.0, 191.0, 191.0, 191.0, 191.0, 191.0, 191.0, 191.0, 191.0]
BT474 Breast Cell Line Long-term ErbB Network,24,2,66.8085990860991,188.5145687645688,[2, 11, 12, 30, 39, 50, 58, 61, 66, 70, 81, 87, 91, 93, 99, 110, 113, 125, 133, 138, 139, 149, 150, 158, 164, 172, 176, 182, 183, 188, 191, 194, 195, 196, 199, 205, 209, 213, 215, 218, 221, 223, 224, 225, 227, 230, 237, 238],22.14272830344259,42.301515151515154,[99.21582617689336, 124.16630425114202, 131.10765524468712, 133.1464938547911, 138.77853250773725, 141.807382857936, 146.55334899543735, 148.77940216726162, 154.63366319829967, 156.50542462303494, 158.81010657601195, 161.11155906842498, 164.75095940179287, 166.32678423249598, 167.39520018501713, 168.83495691321917, 169.3015996605646, 170.14760320280507, 172.19309144788542, 174.95683839695744, 177.5233502716503, 181.46856608805135, 181.53106608805132, 181.6329179399032, 183.30500848824374, 183.5830604362957, 184.20243506493512, 184.20243506493512, 185.4441853761707, 185.4441853761707, 185.83077200577205, 186.30517676767678, 186.96470612720617, 186.96470612720617, 187.71791125541125, 187.71791125541125, 187.72743506493507, 187.72743506493507, 188.30807525807526, 188.30807525807526, 188.30807525807526, 188.37400932400934, 188.37400932400934, 188.37400932400934, 188.37400932400934, 188.37400932400934, 188.45093240093243, 188.45093240093243, 188.45093240093243, 188.45093240093243, 188.45093240093243, 188.45093240093243, 188.45093240093243, 188.45093240093243, 188.45093240093243, 188.5145687645688, 188.5145687645688, 188.5145687645688, 188.5145687645688, 188.5145687645688, 188.5145687645688, 188.5145687645688, 188.5145687645688, 188.5145687645688, 188.5145687645688, 188.5145687645688, 188.5145687645688, 188.5145687645688, 188.5145687645688, 188.5145687645688, 188.5145687645688, 188.5145687645688, 188.5145687645688, 188.5145687645688, 188.5145687645688, 188.5145687645688, 188.5145687645688, 188.5145687645688, 188.5145687645688, 188.5145687645688, 188.5145687645688, 188.5145687645688, 188.5145687645688, 188.5145687645688, 188.5145687645688, 188.5145687645688, 188.5145687645688, 188.5145687645688, 188.5145687645688, 188.5145687645688, 188.5145687645688, 188.5145687645688, 188.5145687645688, 188.5145687645688, 188.5145687645688, 188.5145687645688, 188.5145687645688, 188.5145687645688, 188.5145687645688, 188.5145687645688]
BT474 Breast Cell Line Long-term ErbB Network,24,3,103.48040632205111,192.0,[2, 3, 4, 6, 12, 17, 22, 29, 33, 37, 42, 45, 47, 48, 51, 52, 55, 58, 61, 63, 65, 77, 78, 80, 84, 87, 99, 125, 129, 136, 139, 148, 152, 174, 181, 185, 187, 203, 208, 210, 212, 223, 228, 230, 232, 233, 234, 240],24.52422993686404,47.75,[116.26160319023832, 120.47414166320478, 126.60726654298081, 130.73141145551375, 141.4562300797975, 146.0853345200398, 152.62399509797632, 156.5660685442913, 168.38209103519984, 172.4656277604768, 176.75712105680628, 176.86508458224458, 181.70537375561577, 181.70537375561577, 182.56787375561572, 183.6405433082853, 184.17970754735464, 185.88768541324572, 186.0906103306349, 186.55055151247103, 187.38768541324572, 187.97810828877004, 188.61769162210337, 189.14642857142857, 189.14642857142857, 189.34642857142856, 189.64642857142857, 189.64642857142857, 189.94642857142858, 190.34642857142856, 190.62364400305574, 190.62364400305574, 190.94214667685256, 191.02364400305578, 191.14864400305578, 191.14864400305578, 191.2272043745728, 191.2272043745728, 191.2272043745728, 191.89473684210526, 191.89473684210526, 191.9007722007722, 191.9020905923345, 191.90408163265306, 191.9090909090909, 191.9090909090909, 192.0]
BT474 Breast Cell Line Long-term ErbB Network,24,4,134.90888888888887,191.95559210526315,[1, 3, 5, 6, 10, 12, 21, 22, 28, 34, 45, 47, 52, 54, 56, 74, 80, 84, 87, 91, 96, 100, 106, 111, 115, 117, 118, 119, 124, 126, 133, 145, 147, 154, 156, 166, 175, 183, 186, 198, 213, 216, 222, 223, 226, 230, 237, 238],29.5,47.67777777777778,[151.4373321123321, 159.7104761904762, 160.2875, 169.2298661215328, 173.85403124212652, 174.55060812203672, 176.37608165380308, 178.63800560110087, 180.47329931972794, 181.17297464440327, 182.05776445776453, 182.5452991452992, 183.29658119658123, 183.29658119658123, 184.38383095419715, 185.21394791326145, 186.3237518348301, 187.01394791326143, 187.29592352092354, 187.58181818181825, 187.98978582820692, 188.41522227772234, 188.41522227772234, 188.42674222982555, 188.6625093276177, 188.8176397079623, 189.15325342319542, 189.93168939355888, 189.93168939355888, 190.8348453301776, 190.89700729944633, 190.89700729944633, 190.91003868027914, 191.8187414500684, 191.8187414500684, 191.86773255813952, 191.87118902439025, 191.8735119047619, 191.91153846153844, 191.91153846153844, 191.92527173913044, 191.92527173913044, 191.93171296296296, 191.93171296296296, 191.9342672413793, 191.9342672413793, 191.9342672413793, 191.95404411764707, 191.95404411764707, 191.95404411764707, 191.95404411764707, 191.95404411764707, 191.95404411764707, 191.95404411764707, 191.95559210526315, 191.95559210526315, 191.95559210526315, 191.95559210526315, 191.95559210526315, 191.95559210526315, 191.95559210526315, 191.95559210526315, 191.95559210526315, 191.95559210526315, 191.95559210526315, 191.95559210526315, 191.95559210526315, 191.95559210526315, 191.95559210526315, 191.95559210526315, 191.95559210526315, 191.95559210526315, 191.95559210526315, 191.95559210526315, 191.95559210526315, 191.95559210526315, 191.95559210526315, 191.95559210526315, 191.95559210526315, 191.95559210526315, 191.95559210526315, 191.95559210526315, 191.95559210526315, 191.95559210526315, 191.95559210526315, 191.95559210526315, 191.95559210526315, 191.95559210526315, 191.95559210526315, 191.95559210526315, 191.95559210526315, 191.95559210526315, 191.95559210526315, 191.95559210526315, 191.95559210526315, 191.95559210526315, 191.95559210526315, 191.95559210526315, 191.95559210526315, 191.95559210526315]
BT474 Breast Cell Line Short-term ErbB Network,16,0,80.58958333333331,128.0,[2, 4, 5, 7, 10, 14, 17, 22, 28, 52, 53, 61, 62, 71, 76, 77, 90, 95, 101, 102, 104, 125, 127, 138, 140, 144, 146, 147, 151, 156, 157, 159],22.600000000000005,31.5,[86.97142857142855, 88.6927689594356, 91.89642857142856, 97.16607142857141, 97.55766594516592, 99.18333333333334, 101.544696969697, 103.31369047619052, 104.79074183392365, 107.00215517241381, 108.9396551724138, 111.05632183908047, 114.16315789473684, 115.62042440318301, 116.45375773651634, 116.82982456140351, 117.28709106984968, 119.52982456140352, 119.52982456140352, 120.52342342342344, 120.52342342342344, 120.92342342342342, 120.92342342342342, 121.04137214137214, 121.93589743589743, 122.38034188034187, 122.79304029304029, 123.46703296703298, 124.15934065934067, 124.23456790123456, 124.23456790123456, 124.73456790123456, 125.29444444444444, 125.29444444444444, 125.63333333333333, 125.76666666666667, 126.0, 126.0, 126.6, 126.6, 126.6, 127.0, 127.0, 127.0, 127.0, 127.0, 127.0, 127.0, 127.33333333333333, 128.0]
BT474 Breast Cell Line Short-term ErbB Network,16,1,52.7125,128.0,[9, 14, 15, 17, 20, 22, 31, 32, 44, 46, 47, 53, 56, 58, 60, 66, 70, 73, 87, 103, 107, 125, 129, 133, 137, 142, 147, 150, 152, 153, 155, 158],9.700000000000001,31.357142857142858,[63.177777777777784, 76.05078153190718, 78.50558132343848, 83.04750993727839, 87.25235850115145, 89.9497669227172, 95.70869399960307, 102.88885435552105, 104.3993827160494, 107.47810800310802, 109.31800144300144, 112.45457990213627, 112.48271280819127, 113.0715007215007, 114.33020202020202, 114.81075757575758, 117.04116373822252, 117.04116373822252, 117.97847669192976, 118.53040716286513, 118.57602887308768, 118.98937029357195, 120.8712704325151, 120.8712704325151, 121.57265625, 121.82222222222221, 122.17936507936507, 123.76666666666667, 123.93333333333334, 124.16666666666667, 124.33333333333334, 124.33333333333334, 124.50000000000001, 124.53030303030305, 124.58333333333334, 124.58333333333334, 124.60000000000001, 124.66666666666667, 125.43333333333334, 125.43333333333334, 126.41666666666667, 126.58333333333334, 126.58333333333334, 126.66666666666667, 126.66666666666667, 127.0, 127.0, 127.0, 127.0, 127.0, 127.66666666666667, 127.66666666666667, 127.66666666666667, 127.66666666666667, 127.66666666666667, 127.66666666666667, 127.66666666666667, 127.66666666666667, 127.66666666666667, 127.66666666666667, 127.66666666666667, 127.66666666666667, 127.66666666666667, 127.66666666666667, 127.66666666666667, 127.66666666666667, 127.75, 127.75, 127.75, 127.75, 127.75, 127.75, 127.75, 127.75, 128.0]
BT474 Breast Cell Line Short-term ErbB Network,16,2,73.87688224163513,128.0,[1, 7, 10, 14, 20, 34, 35, 36, 41, 46, 55, 64, 75, 76, 77, 84, 94, 96, 97, 100, 101, 110, 112, 113, 120, 123, 124, 125, 143, 145, 152, 158],18.449600950771522,31.37575757575758,[81.74660284160285, 83.31167055167053, 84.84521712205924, 91.82689050211734, 91.82689050211734, 96.35505698005693, 101.27400485746571, 103.14772449772448, 105.53992559727853, 108.17936507936508, 108.70331890331892, 109.51161616161617, 109.87272727272727, 111.53333333333333, 113.62076599870716, 113.69091318038687, 114.81369047619049, 115.11369047619048, 116.39226190476192, 116.55892857142858, 117.48705128205127, 117.48705128205127, 119.65508658008656, 119.65508658008656, 120.47791375291375, 120.57791375291374, 121.03624708624707, 121.07878787878786, 121.07878787878786, 121.07878787878786, 121.28636363636362, 121.43636363636362, 121.65064935064935, 121.65064935064935, 121.65064935064935, 121.78888888888888, 121.78888888888888, 122.0726984126984, 122.0726984126984, 122.75343406593409, 122.75343406593409, 122.78004471019177, 125.17333333333333, 125.67333333333333, 125.88333333333333, 126.24, 126.38333333333333, 127.25, 127.25, 127.25, 127.25, 127.25, 127.75, 127.75, 127.75, 127.75, 127.75, 128.0]
BT474 Breast Cell Line Short-term ErbB Network,16,3,58.60666666666664,128.0,[1, 3, 8, 21, 24, 31, 33, 38, 39, 40, 56, 57, 58, 63, 69, 71, 89, 91, 98, 101, 106, 108, 109, 110, 114, 118, 132, 138, 142, 154, 157, 158],10.171111111111111,31.5,[69.520491057331, 77.17508417508417, 85.1504761904762, 90.01408045977013, 94.25748284549394, 95.74236773406027, 97.94045284780579, 99.45077838827838, 101.65277777777779, 102.18492063492064, 104.98492063492064, 105.99444444444444, 108.87936507936509, 110.97936507936508, 112.18531115302623, 113.31339869281045, 114.16571268237934, 114.16571268237934, 115.07682379349045, 116.46729998396665, 118.74563769563768, 119.45722804273225, 120.36190476190477, 120.36190476190477, 120.97460317460319, 122.49166666666666, 122.71825396825396, 123.19047619047619, 123.19047619047619, 123.47796092796094, 123.8515873015873, 123.95575396825397, 124.3515873015873, 124.51825396825397, 125.01825396825397, 125.01825396825397, 125.3515873015873, 125.3515873015873, 125.3515873015873, 125.3515873015873, 125.5515873015873, 125.5515873015873, 125.5515873015873, 125.5515873015873, 125.5515873015873, 125.9775641025641, 125.9775641025641, 125.9775641025641, 125.9775641025641, 126.99019607843137, 126.99019607843137, 127.9090909090909, 128.0]
BT474 Breast Cell Line Short-term ErbB Network,16,4,53.55025974025974,128.0,[8, 16, 19, 20, 21, 26, 27, 34, 35, 36, 38, 42, 45, 58, 64, 70, 73, 75, 77, 94, 100, 102, 110, 114, 131, 134, 136, 140, 149, 151, 152, 155],12.883333333333333,28.566666666666666,[64.6620178840767, 70.07111111111111, 87.77111111111113, 98.00000000000001, 102.23333333333335, 102.23333333333335, 104.23333333333335, 105.99999999999999, 107.89999999999999, 109.63894993894993, 111.28102453102451, 112.08280542986425, 113.60000000000001, 115.50213510213511, 116.22724987430868, 117.81699346405227, 119.10077268161946, 120.60077268161946, 121.72534201909201, 123.09076537497589, 123.95520313020313, 125.05006105006103, 125.36520146520147, 125.63736263736261, 125.63736263736261, 126.01520146520146, 126.28736263736262, 127.33333333333333, 127.33333333333333, 127.33333333333333, 127.33333333333333, 127.75, 127.75, 128.0]
Budding Yeast Cell Cycle 2009,18,0,43.833333333333336,128.15477736549164,[5, 8, 10, 17, 21, 24, 29, 35, 49, 54, 55, 58, 60, 61, 66, 68, 70, 76, 78, 84, 87, 96, 109, 115, 118, 123, 125, 126, 150, 153, 155, 157, 159, 163, 168, 169],11.0,27.184632034632035,[81.7753169230769, 98.05059523809526, 108.69957365866456, 110.61706349206345, 112.2129464285714, 116.57604166666667, 118.00957341269842, 118.48545918367347, 119.9140306122449, 121.05483147804577, 121.05483147804577, 121.85753710575139, 122.32506957328386, 123.4149505256648, 123.80879973201402, 123.80879973201402, 124.47494331065764, 124.47494331065764, 125.19637188208621, 125.3321472178615, 125.42494331065764, 125.61819727891158, 125.78529578498066, 125.78529578498066, 126.12943359161845, 126.19084130155558, 126.27705263923752, 126.41038597257084, 126.88601834673266, 126.97490723562154, 127.21817818036304, 127.21817818036304, 127.21817818036304, 127.21817818036304, 127.21817818036304, 127.36460675179163, 127.36460675179163, 127.36460675179163, 127.36776160347588, 127.36776160347588, 127.41915220633707, 127.41915220633707, 127.41915220633707, 127.41915220633707, 127.43733402451889, 127.43733402451889, 127.43733402451889, 127.43733402451889, 127.43733402451889, 127.43733402451889, 127.43733402451889, 127.43733402451889, 127.43733402451889, 127.43733402451889, 127.43733402451889, 127.43733402451889, 127.43733402451889, 127.43733402451889, 127.43733402451889, 127.43733402451889, 127.66352450070936, 127.66352450070936, 127.66352450070936, 127.79685783404268, 127.79685783404268, 127.79685783404268, 127.79685783404268, 127.79685783404268, 128.09574762711406, 128.09574762711406, 128.09574762711406, 128.1371303066681, 128.15477736549164, 128.15477736549164, 128.15477736549164, 128.15477736549164, 128.15477736549164, 128.15477736549164, 128.15477736549164, 128.15477736549164, 128.15477736549164, 128.15477736549164, 128.15477736549164, 128.15477736549164, 128.15477736549164, 128.15477736549164, 128.15477736549164, 128.15477736549164, 128.15477736549164, 128.15477736549164, 128.15477736549164, 128.15477736549164, 128.15477736549164, 128.15477736549164, 128.15477736549164, 128.15477736549164, 128.15477736549164, 128.15477736549164, 128.15477736549164, 128.15477736549164]
Budding Yeast Cell Cycle 2009,18,1,68.82010582010582,127.46694444444442,[8, 12, 18, 32, 33, 34, 44, 47, 49, 61, 62, 64, 73, 76, 86, 88, 89, 92, 103, 118, 126, 127, 128, 134, 136, 140, 141, 143, 144, 145, 147, 158, 163, 165, 175, 176],11.507936507936508,30.400000000000002,[78.24947916666665, 84.75, 91.26646825396824, 93.57875000000001, 99.07862484737484, 100.25, 103.15625000000001, 111.90277777777779, 111.90277777777779, 113.40277777777779, 113.67361111111113, 114.85277777777777, 115.3034580498866, 116.17361111111111, 116.47944444444445, 117.75027777777778, 119.91277777777783, 119.91277777777783, 121.16157254361804, 121.16157254361804, 121.44948412698417, 122.11157254361804, 122.19948412698417, 122.2782392102847, 122.83286506062484, 122.83286506062484, 122.83286506062484, 123.03286506062483, 123.62329365079366, 123.9017735042735, 123.9017735042735, 124.7892735042735, 125.12260683760684, 125.38927350427352, 125.58210884353738, 125.98222222222222, 125.99038461538463, 126.44988662131517, 126.5832199546485, 126.5832199546485, 126.6822222222222, 126.73777777777777, 126.7832199546485, 126.8836111111111, 126.8836111111111, 126.90027777777777, 126.9513888888889, 126.9513888888889, 126.99651360544216, 127.01805555555556, 127.01805555555556, 127.06794217687073, 127.06794217687073, 127.06794217687073, 127.06794217687073, 127.06794217687073, 127.06794217687073, 127.06794217687073, 127.06794217687073, 127.35365646258502, 127.35365646258502, 127.35365646258502, 127.35365646258502, 127.35365646258502, 127.36694444444443, 127.36694444444443, 127.36694444444443, 127.43361111111109, 127.43361111111109, 127.43361111111109, 127.43361111111109, 127.43361111111109, 127.46694444444442, 127.46694444444442, 127.46694444444442, 127.46694444444442, 127.46694444444442, 127.46694444444442, 127.46694444444442, 127.46694444444442, 127.46694444444442, 127.46694444444442, 127.46694444444442, 127.46694444444442, 127.46694444444442, 127.46694444444442, 127.46694444444442, 127.46694444444442, 127.46694444444442, 127.46694444444442, 127.46694444444442, 127.46694444444442, 127.46694444444442, 127.46694444444442, 127.46694444444442, 127.46694444444442, 127.46694444444442, 127.46694444444442, 127.46694444444442, 127.46694444444442]
Budding Yeast Cell Cycle 2009,18,2,1.0,140.0,[7, 9, 10, 14, 24, 27, 33, 37, 55, 59, 65, 68, 72, 78, 80, 81, 85, 88, 90, 92, 97, 101, 103, 115, 119, 122, 125, 126, 133, 138, 144, 146, 159, 164, 169, 180],0.0,31.5,[66.25, 83.25, 96.25, 105.0, 109.5, 114.83333333333333, 119.66666666666666, 122.0, 122.83333333333333, 125.83333333333333, 127.5, 130.0, 131.0, 132.0, 133.33333333333331, 133.33333333333331, 134.0, 134.83333333333331, 135.0, 135.5, 135.5, 135.5, 135.5, 135.5, 135.5, 135.5, 140.0, 140.0, 140.0, 140.0, 140.0, 140.0, 140.0, 140.0, 140.0, 140.0, 140.0, 140.0, 140.0, 140.0, 140.0, 140.0, 140.0, 140.0, 140.0, 140.0, 140.0, 140.0, 140.0, 140.0, 140.0, 140.0, 140.0, 140.0, 140.0, 140.0, 140.0, 140.0, 140.0, 140.0, 140.0, 140.0, 140.0, 140.0, 140.0, 140.0, 140.0, 140.0, 140.0, 140.0, 140.0, 140.0, 140.0, 140.0, 140.0, 140.0, 140.0, 140.0, 140.0, 140.0, 140.0, 140.0, 140.0, 140.0, 140.0, 140.0, 140.0, 140.0, 140.0, 140.0, 140.0, 140.0, 140.0, 140.0, 140.0, 140.0, 140.0, 140.0, 140.0, 140.0]
Budding Yeast Cell Cycle 2009,18,3,10.0625,131.2157738095238,[4, 8, 10, 18, 20, 21, 22, 29, 30, 31, 40, 45, 46, 47, 54, 71, 83, 93, 97, 104, 105, 106, 110, 111, 113, 120, 123, 124, 127, 138, 143, 162, 164, 170, 173, 175],0.0,30.567857142857143,[81.5, 87.5, 89.51111111111109, 105.11111111111111, 110.77777777777777, 114.39583333333333, 119.37666666666665, 121.84333333333333, 123.50694444444446, 123.75694444444446, 125.02666666666666, 126.84027777777779, 127.50694444444446, 128.17361111111111, 128.17361111111111, 128.50694444444446, 128.50694444444446, 128.50694444444446, 128.55694444444444, 128.55694444444444, 128.55694444444444, 128.55694444444444, 128.7736111111111, 128.7736111111111, 128.7736111111111, 128.7736111111111, 128.7736111111111, 129.5236111111111, 129.5236111111111, 129.5236111111111, 129.5902777777778, 129.5902777777778, 129.5902777777778, 129.5902777777778, 129.5902777777778, 129.5902777777778, 129.67361111111111, 129.67361111111111, 129.67361111111111, 129.75694444444443, 129.80435606060607, 129.80435606060607, 129.80435606060607, 130.7376893939394, 130.7376893939394, 130.89136904761904, 130.89136904761904, 130.89136904761904, 130.89136904761904, 130.89136904761904, 130.89136904761904, 130.89136904761904, 130.90803571428572, 130.90803571428572, 130.90803571428572, 130.90803571428572, 130.90803571428572, 130.90803571428572, 130.90803571428572, 130.90803571428572, 131.16815476190476, 131.2157738095238, 131.2157738095238, 131.2157738095238, 131.2157738095238, 131.2157738095238, 131.2157738095238, 131.2157738095238, 131.2157738095238, 131.2157738095238, 131.2157738095238, 131.2157738095238, 131.2157738095238, 131.2157738095238, 131.2157738095238, 131.2157738095238, 131.2157738095238, 131.2157738095238, 131.2157738095238, 131.2157738095238, 131.2157738095238, 131.2157738095238, 131.2157738095238, 131.2157738095238, 131.2157738095238, 131.2157738095238, 131.2157738095238, 131.2157738095238, 131.2157738095238, 131.2157738095238, 131.2157738095238, 131.2157738095238, 131.2157738095238, 131.2157738095238, 131.2157738095238, 131.2157738095238, 131.2157738095238, 131.2157738095238, 131.2157738095238, 131.2157738095238]
Budding Yeast Cell Cycle 2009,18,4,46.66666666666667,141.66666666666669,[1, 2, 6, 10, 11, 23, 26, 39, 41, 48, 52, 56, 57, 68, 69, 75, 76, 89, 91, 98, 104, 106, 110, 117, 119, 120, 127, 137, 147, 149, 154, 157, 158, 161, 162, 163],11.25,32.0,[77.16666666666666, 97.95833333333333, 103.33333333333333, 105.29166666666666, 111.0, 116.5, 116.5, 119.5, 120.5, 121.5, 123.75, 126.25, 127.75, 127.75, 127.75, 128.75, 128.75, 130.25, 130.41666666666669, 132.25, 132.75, 136.25, 136.25, 137.75, 137.75, 139.25, 140.25, 140.25, 140.41666666666669, 140.41666666666669, 140.41666666666669, 140.41666666666669, 140.41666666666669, 140.41666666666669, 140.41666666666669, 140.41666666666669, 140.41666666666669, 140.41666666666669, 140.41666666666669, 140.41666666666669, 140.41666666666669, 140.41666666666669, 140.41666666666669, 140.41666666666669, 140.41666666666669, 140.41666666666669, 140.41666666666669, 140.41666666666669, 140.41666666666669, 140.41666666666669, 140.41666666666669, 140.41666666666669, 140.41666666666669, 140.41666666666669, 140.41666666666669, 140.41666666666669, 140.41666666666669, 140.41666666666669, 140.41666666666669, 140.41666666666669, 140.41666666666669, 140.41666666666669, 140.41666666666669, 140.41666666666669, 140.41666666666669, 140.41666666666669, 140.41666666666669, 140.41666666666669, 140.41666666666669, 140.41666666666669, 140.41666666666669, 140.41666666666669, 140.41666666666669, 140.41666666666669, 140.41666666666669, 140.41666666666669, 140.66666666666669, 140.66666666666669, 140.66666666666669, 140.66666666666669, 140.66666666666669, 140.66666666666669, 141.66666666666669, 141.66666666666669, 141.66666666666669, 141.66666666666669, 141.66666666666669, 141.66666666666669, 141.66666666666669, 141.66666666666669, 141.66666666666669, 141.66666666666669, 141.66666666666669, 141.66666666666669, 141.66666666666669, 141.66666666666669, 141.66666666666669, 141.66666666666669, 141.66666666666669, 141.66666666666669]
Budding Yeast Cell Cycle,20,0,119.66666666666666,156.83333333333331,[1, 8, 11, 19, 23, 36, 39, 45, 49, 50, 56, 60, 63, 71, 74, 76, 82, 85, 88, 93, 100, 101, 105, 109, 121, 137, 139, 140, 142, 154, 169, 171, 172, 176, 182, 189, 192, 196, 198, 199],32.16666666666667,39.16666666666667,[132.16666666666666, 132.16666666666666, 142.62500000000003, 145.75, 146.0, 148.83333333333334, 150.5, 151.5, 151.5, 153.0, 154.0, 155.0, 156.0, 156.0, 156.0, 156.0, 156.0, 156.0, 156.0, 156.0, 156.0, 156.0, 156.0, 156.0, 156.0, 156.0, 156.0, 156.0, 156.0, 156.0, 156.0, 156.0, 156.0, 156.0, 156.0, 156.0, 156.0, 156.0, 156.0, 156.0, 156.0, 156.0, 156.0, 156.0, 156.0, 156.0, 156.0, 156.0, 156.0, 156.0, 156.0, 156.0, 156.0, 156.0, 156.0, 156.0, 156.83333333333331, 156.83333333333331, 156.83333333333331, 156.83333333333331, 156.83333333333331, 156.83333333333331, 156.83333333333331, 156.83333333333331, 156.83333333333331, 156.83333333333331, 156.83333333333331, 156.83333333333331, 156.83333333333331, 156.83333333333331, 156.83333333333331, 156.83333333333331, 156.83333333333331, 156.83333333333331, 156.83333333333331, 156.83333333333331, 156.83333333333331, 156.83333333333331, 156.83333333333331, 156.83333333333331, 156.83333333333331, 156.83333333333331, 156.83333333333331, 156.83333333333331, 156.83333333333331, 156.83333333333331, 156.83333333333331, 156.83333333333331, 156.83333333333331, 156.83333333333331, 156.83333333333331, 156.83333333333331, 156.83333333333331, 156.83333333333331, 156.83333333333331, 156.83333333333331, 156.83333333333331, 156.83333333333331, 156.83333333333331, 156.83333333333331]
Budding Yeast Cell Cycle,20,1,112.75,159.0,[7, 10, 22, 24, 42, 45, 48, 55, 57, 63, 67, 70, 76, 77, 82, 83, 86, 89, 90, 101, 107, 115, 118, 123, 124, 130, 131, 138, 139, 142, 144, 146, 149, 167, 168, 169, 187, 189, 198, 199],22.0,39.66666666666667,[122.16666666666666, 126.0, 133.5, 134.00000000000003, 139.83333333333334, 140.00000000000003, 142.49999999999997, 142.49999999999997, 143.49999999999997, 144.49999999999997, 144.66666666666663, 145.49999999999997, 145.49999999999997, 151.0, 151.0, 152.0, 152.33333333333334, 153.0, 153.33333333333334, 155.0, 155.0, 156.0, 156.33333333333334, 156.5, 156.83333333333334, 157.0, 157.5, 157.5, 157.5, 159.0, 159.0, 159.0, 159.0, 159.0, 159.0, 159.0, 159.0, 159.0, 159.0, 159.0, 159.0, 159.0, 159.0, 159.0, 159.0, 159.0, 159.0, 159.0, 159.0, 159.0, 159.0, 159.0, 159.0, 159.0, 159.0, 159.0, 159.0, 159.0, 159.0, 159.0, 159.0, 159.0, 159.0, 159.0, 159.0, 159.0, 159.0, 159.0, 159.0, 159.0, 159.0, 159.0, 159.0, 159.0, 159.0, 159.0, 159.0, 159.0, 159.0, 159.0, 159.0, 159.0, 159.0, 159.0, 159.0, 159.0, 159.0, 159.0, 159.0, 159.0, 159.0, 159.0, 159.0, 159.0, 159.0, 159.0, 159.0, 159.0, 159.0, 159.0]
Budding Yeast Cell Cycle,20,2,91.0,160.0,[7, 16, 23, 24, 27, 32, 37, 40, 52, 56, 59, 60, 62, 69, 72, 73, 74, 82, 83, 88, 89, 90, 100, 101, 107, 109, 113, 114, 119, 121, 141, 142, 143, 155, 159, 165, 172, 178, 191, 198],26.0,35.5,[110.5, 111.0, 121.0, 123.0, 123.0, 126.3125, 126.5625, 129.59027777777777, 131.33333333333331, 133.1736111111111, 136.08333333333334, 139.77777777777777, 141.5111111111111, 141.77777777777777, 143.04444444444445, 144.91666666666669, 149.0, 151.0, 153.0, 153.0, 154.0, 154.0, 155.83333333333334, 155.83333333333334, 155.83333333333334, 156.33333333333334, 156.33333333333334, 156.33333333333334, 157.0, 158.33333333333334, 159.0, 159.0, 159.0, 159.0, 159.0, 159.0, 159.0, 159.0, 159.0, 159.0, 159.0, 159.0, 159.0, 159.0, 159.0, 159.0, 159.0, 159.0, 159.0, 159.5, 160.0]
Budding Yeast Cell Cycle,20,3,77.5,160.0,[7, 8, 15, 24, 37, 38, 40, 41, 46, 50, 55, 63, 67, 72, 77, 84, 85, 88, 92, 98, 100, 108, 118, 125, 126, 128, 130, 131, 132, 133, 141, 145, 150, 154, 157, 164, 167, 173, 181, 185],16.0,36.666666666666664,[113.5, 115.5, 120.0, 124.25, 129.66666666666669, 130.25, 138.25, 144.0, 144.5, 144.5, 145.0, 147.0, 147.5, 148.0, 148.0, 157.0, 157.0, 157.0, 157.0, 157.0, 157.0, 157.0, 157.0, 157.0, 157.5, 157.5, 158.0, 158.0, 158.0, 158.0, 158.0, 158.5, 158.5, 158.5, 158.5, 158.5, 159.0, 159.0, 159.0, 159.5, 159.5, 159.5, 159.5, 160.0]
Budding Yeast Cell Cycle,20,4,84.83333333333333,159.0,[4, 11, 24, 26, 34, 36, 38, 43, 48, 59, 65, 70, 73, 74, 87, 88, 91, 93, 100, 101, 105, 110, 122, 134, 141, 144, 145, 148, 149, 152, 153, 154, 162, 169, 170, 175, 182, 184, 186, 193],14.125,39.0,[98.25, 102.97916666666667, 108.89583333333333, 115.58333333333333, 122.44444444444446, 124.0, 129.98958333333331, 133.70833333333334, 135.89333333333332, 136.61, 138.18222222222224, 140.85416666666666, 141.52083333333331, 144.30555555555554, 144.30555555555554, 144.30555555555554, 147.66666666666669, 148.0, 151.75, 151.75, 151.75, 152.25, 152.25, 152.25, 153.25, 153.25, 153.25, 153.25, 153.25, 153.25, 153.25, 153.25, 153.25, 153.25, 153.25, 153.25, 153.25, 153.25, 153.25, 153.25, 153.25, 153.25, 153.75, 153.75, 153.75, 153.75, 153.75, 153.75, 153.75, 153.75, 153.75, 153.75, 156.75, 156.75, 156.75, 156.75, 156.75, 156.75, 156.75, 156.75, 156.75, 156.75, 156.75, 156.75, 156.75, 156.75, 156.75, 156.75, 156.75, 156.75, 156.75, 156.75, 156.75, 156.75, 156.75, 156.75, 156.75, 157.16666666666669, 157.16666666666669, 159.0, 159.0, 159.0, 159.0, 159.0, 159.0, 159.0, 159.0, 159.0, 159.0, 159.0, 159.0, 159.0, 159.0, 159.0, 159.0, 159.0, 159.0, 159.0, 159.0, 159.0]
Cardiac development,15,0,72.0,120.0,[21, 28, 29, 41, 42, 43, 45, 48, 73, 75, 77, 79, 86, 91, 92, 95, 98, 104, 111, 115, 116, 120, 124, 133, 135, 136, 137, 138, 140, 147],18.0,30.0,[87.0, 93.5, 102.5, 104.5, 105.5, 107.0, 111.16666666666667, 114.5, 118.5, 119.0, 119.5, 119.5, 120.0]
Cardiac development,15,1,86.0,120.0,[8, 10, 12, 14, 21, 23, 26, 27, 30, 31, 32, 37, 39, 42, 48, 52, 58, 70, 73, 83, 92, 93, 102, 107, 112, 115, 129, 133, 136, 145],24.0,30.0,[89.0, 96.0, 102.25, 104.5, 108.25, 112.5, 112.5, 113.0, 113.0, 114.0, 114.0, 117.0, 117.0, 117.0, 118.5, 118.5, 119.0, 119.0, 119.0, 119.0, 119.0, 119.0, 119.0, 119.0, 119.0, 120.0]
Cardiac development,15,2,84.0,120.0,[1, 15, 26, 28, 29, 41, 47, 48, 50, 53, 65, 87, 93, 96, 98, 102, 106, 110, 112, 115, 120, 122, 126, 130, 133, 137, 145, 146, 147, 150],25.0,28.0,[96.0, 100.5, 103.91666666666667, 103.91666666666667, 106.94444444444446, 107.94444444444446, 110.75, 112.0, 112.0, 113.0, 113.0, 113.0, 113.0, 113.5, 113.5, 114.0, 114.0, 114.0, 114.0, 114.0, 114.0, 114.0, 114.0, 114.0, 114.0, 114.0, 114.0, 114.0, 114.0, 114.0, 114.0, 114.0, 114.0, 114.0, 114.0, 114.0, 114.0, 114.0, 114.0, 114.0, 117.0, 117.0, 117.5, 118.0, 118.0, 118.0, 118.0, 120.0]
Cardiac development,15,3,75.0,120.0,[1, 3, 4, 5, 14, 15, 21, 26, 30, 34, 35, 39, 40, 50, 56, 58, 91, 93, 94, 98, 103, 109, 111, 116, 128, 135, 137, 139, 145, 149],17.0,28.5,[98.0, 102.0, 112.0, 112.0, 114.0, 115.0, 115.66666666666667, 117.0, 117.0, 117.66666666666667, 117.66666666666667, 118.0, 118.0, 118.0, 118.0, 118.0, 118.0, 118.0, 118.0, 118.0, 118.0, 118.0, 120.0]
Cardiac development,15,4,87.0,120.0,[6, 9, 14, 32, 36, 38, 40, 41, 44, 45, 46, 49, 68, 69, 76, 77, 79, 84, 85, 93, 102, 104, 117, 129, 134, 136, 141, 142, 144, 148],24.0,30.0,[99.0, 103.0, 106.5, 110.0, 113.0, 114.5, 116.5, 117.0, 117.5, 117.5, 117.5, 118.0, 118.5, 119.0, 120.0]
CD4+ T Cell Differentiation and Plasticity,18,0,57.82738095238095,139.675,[8, 12, 15, 16, 20, 23, 29, 30, 43, 51, 54, 61, 62, 63, 64, 66, 75, 77, 85, 90, 98, 105, 117, 118, 122, 124, 137, 152, 155, 156, 158, 159, 163, 168, 171, 173],13.875,31.607142857142858,[85.56497946497946, 94.47724461685499, 103.19853896103893, 104.83891564232121, 110.14158792596291, 114.37330629466851, 119.1171717171717, 123.0448412698413, 123.0448412698413, 123.67018358185024, 125.34833333333333, 125.34833333333333, 126.23826632207198, 126.96151787161143, 128.34883040539145, 128.34883040539145, 128.95126373626374, 129.0581550475668, 129.96805350743065, 130.02162493600207, 130.075205536688, 130.25209502147217, 130.44093041638348, 130.44093041638348, 130.80456678001985, 130.80456678001985, 130.95040011335317, 130.95040011335317, 130.95040011335317, 130.95040011335317, 131.24290670096843, 131.24290670096843, 131.3372112940885, 131.94203241185886, 131.94203241185886, 132.04122637041192, 132.59248518686235, 132.59248518686235, 133.25986150526418, 133.25986150526418, 133.36097428137697, 134.39749645316448, 134.50803036369834, 134.75860756427556, 135.51538108356283, 135.5260592942411, 136.09682539682538, 136.54992784992783, 136.54992784992783, 136.54992784992783, 136.63881673881673, 136.74992784992784, 136.9015873015873, 137.11334776334775, 137.11334776334775, 137.24325396825398, 137.3265873015873, 137.3265873015873, 137.38611111111112, 137.40158730158728, 137.54444444444445, 137.54444444444445, 137.54444444444445, 137.54444444444445, 137.54444444444445, 138.02777777777777, 138.02777777777777, 138.71547619047618, 138.71547619047618, 138.71547619047618, 138.71547619047618, 138.7385531135531, 138.7385531135531, 138.7385531135531, 138.7385531135531, 138.7385531135531, 138.7385531135531, 138.88690476190476, 138.88690476190476, 138.88690476190476, 138.95833333333331, 138.95833333333331, 138.95833333333331, 138.95833333333331, 138.95833333333331, 138.95833333333331, 138.95833333333331, 138.95833333333331, 138.95833333333331, 139.65714285714284, 139.65714285714284, 139.675, 139.675, 139.675, 139.675, 139.675, 139.675, 139.675, 139.675, 139.675]
CD4+ T Cell Differentiation and Plasticity,18,1,72.33333333333334,139.32602495543668,[7, 8, 12, 16, 20, 22, 23, 25, 36, 45, 47, 49, 51, 54, 61, 85, 86, 87, 89, 91, 94, 98, 102, 104, 105, 120, 122, 123, 124, 125, 131, 133, 143, 154, 167, 170],24.166666666666668,32.9040404040404,[100.02555555555556, 107.58908542437955, 110.61865079365081, 114.05228937728937, 114.05228937728937, 115.62926887926884, 117.33288100788097, 118.27194749694746, 119.27599483849482, 119.56190476190476, 123.22092352092353, 123.22092352092353, 124.93386890886889, 126.06678876678873, 126.06678876678873, 126.3793650793651, 128.21456876456875, 128.21456876456875, 128.54780418856504, 128.8114552114552, 129.3769064269064, 129.984126984127, 130.23343878343877, 130.3631091131091, 130.86793484293483, 131.43253968253964, 131.79855699855702, 132.01269841269843, 132.768253968254, 132.768253968254, 132.86904761904762, 133.08769841269844, 133.13333333333335, 133.39761904761906, 133.39761904761906, 133.39761904761906, 133.82857142857142, 133.82857142857142, 133.82857142857142, 133.82857142857142, 134.07857142857142, 134.07857142857142, 134.07857142857142, 134.07857142857142, 134.07857142857142, 134.07857142857142, 134.26980796980794, 134.85314130314129, 135.07376453955402, 135.07376453955402, 135.07376453955402, 135.07376453955402, 135.48492063492063, 135.48492063492063, 135.5325396825397, 136.09459845709847, 136.28800186741367, 136.9672291760527, 137.48573658883257, 137.48573658883257, 137.59792250233428, 137.68681139122316, 137.69852837221256, 137.9223378960221, 137.945414819099, 137.945414819099, 138.2596237096237, 138.2596237096237, 138.295866225278, 138.3069773363891, 138.33839355089353, 138.41123737373735, 138.42234848484847, 138.42234848484847, 138.42234848484847, 138.42234848484847, 138.42234848484847, 138.42234848484847, 138.42234848484847, 138.42234848484847, 138.57858905800083, 138.57858905800083, 138.57858905800083, 138.57858905800083, 138.57858905800083, 138.57858905800083, 138.57858905800083, 138.57858905800083, 138.77400475341645, 138.77400475341645, 138.77400475341645, 138.78511586452757, 138.78511586452757, 138.78511586452757, 138.8851158645276, 139.22602495543666, 139.32602495543668, 139.32602495543668, 139.32602495543668, 139.32602495543668]
CD4+ T Cell Differentiation and Plasticity,18,2,64.92063492063491,141.425,[5, 6, 15, 18, 19, 24, 29, 33, 36, 38, 43, 55, 61, 71, 79, 80, 81, 87, 89, 91, 94, 95, 97, 103, 110, 117, 120, 129, 134, 139, 142, 148, 154, 158, 170, 176],13.583333333333334,29.016666666666666,[88.05808080808085, 98.58928571428572, 101.22965367965368, 107.67559523809524, 108.1006132756133, 108.9687234590806, 110.3557575757576, 112.71092518592515, 115.20362811791382, 115.20362811791382, 117.25893503178573, 119.15881251424015, 120.61111111111114, 122.48055555555555, 123.48914141414139, 123.7172619047619, 124.64227357609711, 125.45045093795092, 125.90183982683983, 126.24965728715729, 126.34965728715729, 126.55322871572871, 127.34960317460317, 127.79484126984129, 128.30357142857144, 128.49880952380954, 128.8202380952381, 129.04404761904763, 129.09880952380954, 129.09880952380954, 129.34880952380954, 129.48492063492063, 129.48492063492063, 129.61587301587304, 129.61587301587304, 129.94404761904764, 130.2111111111111, 130.33333333333334, 130.33333333333334, 130.3579365079365, 130.46904761904761, 130.46904761904761, 131.0239898989899, 131.0239898989899, 131.5212121212121, 131.7712121212121, 131.7712121212121, 132.413455988456, 132.9119047619048, 132.9119047619048, 133.0952380952381, 133.1619047619048, 133.1619047619048, 133.1619047619048, 133.1619047619048, 133.1619047619048, 133.93333333333334, 134.03333333333336, 134.11666666666667, 134.4, 134.4666666666667, 134.55000000000004, 134.70476190476194, 134.70476190476194, 134.70476190476194, 135.03809523809525, 135.12142857142862, 135.12142857142862, 135.28809523809525, 135.28809523809525, 135.28809523809525, 136.2297619047619, 136.2297619047619, 136.89642857142857, 136.96666666666664, 137.33333333333331, 137.33333333333331, 137.33333333333331, 137.33333333333331, 137.3904761904762, 137.65714285714284, 137.67499999999995, 137.70833333333331, 138.3015873015873, 138.3015873015873, 139.32928571428573, 140.14166666666665, 140.14166666666665, 140.275, 140.275, 140.52499999999998, 140.52499999999998, 140.52499999999998, 140.875, 140.875, 140.875, 140.875, 141.09166666666664, 141.425, 141.425]
CD4+ T Cell Differentiation and Plasticity,18,3,55.500000000000014,138.23689643689642,[13, 15, 23, 26, 28, 33, 38, 41, 49, 52, 59, 60, 63, 65, 80, 81, 90, 95, 100, 104, 105, 119, 120, 125, 128, 129, 143, 144, 147, 150, 158, 159, 165, 171, 174, 180],12.777777777777777,31.270995670995674,[73.64452110389611, 82.84069043701393, 95.54206349206349, 103.01208513708515, 112.44213209534415, 114.1379648129648, 118.05579640947289, 120.33988816738815, 122.22801920301917, 122.80117382617381, 123.93113114955219, 125.28013864053779, 126.66503126503127, 128.18187830687827, 128.18187830687827, 128.5152116402116, 129.12745587745584, 129.12745587745584, 129.83412698412698, 129.83412698412698, 130.1865079365079, 130.60833333333332, 132.49545454545455, 132.49545454545455, 132.7681818181818, 133.0343434343434, 133.0343434343434, 133.3070707070707, 133.5570707070707, 133.7475468975469, 133.7475468975469, 133.89603174603172, 134.06825396825394, 134.06825396825394, 134.140404040404, 134.265404040404, 134.63207070707068, 134.63207070707068, 134.63207070707068, 134.72499999999997, 134.74318181818182, 134.74318181818182, 134.89166666666665, 135.4073815073815, 135.90353535353532, 135.96717171717168, 135.99873737373736, 136.61284271284268, 136.96031746031747, 136.96031746031747, 136.96031746031747, 137.07849927849927, 137.07849927849927, 137.07849927849927, 137.07849927849927, 137.25934343434344, 137.25934343434344, 137.29267676767677, 137.29267676767677, 137.35025252525253, 137.38641636141637, 137.38641636141637, 137.38641636141637, 137.70876068376066, 137.83629703629703, 137.83629703629703, 137.88025308025306, 137.88025308025306, 137.9459873459873, 137.9459873459873, 137.9459873459873, 137.9459873459873, 138.14598734598735, 138.14598734598735, 138.14598734598735, 138.14598734598735, 138.14598734598735, 138.14598734598735, 138.14598734598735, 138.14598734598735, 138.14598734598735, 138.14598734598735, 138.14598734598735, 138.14598734598735, 138.14598734598735, 138.14598734598735, 138.14598734598735, 138.14598734598735, 138.14598734598735, 138.14598734598735, 138.14598734598735, 138.14598734598735, 138.14598734598735, 138.14598734598735, 138.14598734598735, 138.14598734598735, 138.14598734598735, 138.14598734598735, 138.14598734598735, 138.23689643689642]
CD4+ T Cell Differentiation and Plasticity,18,4,51.25000000000001,134.8603174603174,[11, 16, 21, 22, 25, 36, 38, 52, 57, 59, 62, 71, 82, 83, 84, 87, 100, 103, 105, 109, 111, 119, 123, 126, 127, 132, 134, 138, 141, 157, 158, 160, 164, 173, 174, 180],15.0,27.282222222222224,[93.17365770803268, 96.01621315192745, 98.83849206349208, 101.46746031746032, 109.71051917539478, 112.084126984127, 116.51170634920636, 116.53670634920637, 119.0178488178488, 119.0178488178488, 120.97384559884561, 121.42384559884562, 122.34895572263991, 122.56587301587305, 123.82093837535017, 123.82093837535017, 125.40784313725489, 125.40784313725489, 125.98330280830278, 127.11165876607055, 127.37490662931839, 128.1357886265781, 128.1357886265781, 128.2562431720326, 128.67290983869927, 128.67290983869927, 128.67290983869927, 129.143950786056, 129.143950786056, 130.46854256854255, 130.46854256854255, 130.96854256854255, 130.96854256854255, 131.18571428571428, 131.22857142857143, 131.68571428571425, 131.68571428571425, 131.78809523809522, 131.8968253968254, 131.89999999999998, 131.89999999999998, 132.11111111111111, 132.1769841269841, 132.1769841269841, 132.1769841269841, 132.3079365079365, 132.331746031746, 132.331746031746, 132.48690476190475, 132.48690476190475, 132.89761904761903, 132.89761904761903, 132.93095238095236, 133.79047619047617, 133.79047619047617, 133.8238095238095, 133.8238095238095, 133.8238095238095, 133.8238095238095, 133.8238095238095, 134.35476190476186, 134.35476190476186, 134.38253968253966, 134.65476190476187, 134.68253968253964, 134.71746031746025, 134.71746031746025, 134.71746031746025, 134.71746031746025, 134.71746031746025, 134.71746031746025, 134.71746031746025, 134.71746031746025, 134.71746031746025, 134.71746031746025, 134.71746031746025, 134.73531746031742, 134.8603174603174, 134.8603174603174, 134.8603174603174, 134.8603174603174, 134.8603174603174, 134.8603174603174, 134.8603174603174, 134.8603174603174, 134.8603174603174, 134.8603174603174, 134.8603174603174, 134.8603174603174, 134.8603174603174, 134.8603174603174, 134.8603174603174, 134.8603174603174, 134.8603174603174, 134.8603174603174, 134.8603174603174, 134.8603174603174, 134.8603174603174, 134.8603174603174, 134.8603174603174]
Death Receptor Signaling,28,0,138.66666666666669,205.58333333333337,[2, 5, 6, 10, 13, 24, 27, 29, 33, 38, 44, 49, 50, 52, 53, 64, 72, 77, 82, 88, 95, 96, 99, 100, 101, 104, 107, 109, 123, 128, 131, 133, 139, 141, 142, 146, 147, 158, 159, 172, 174, 178, 188, 190, 199, 210, 217, 225, 227, 240, 249, 254, 269, 274, 275, 278],34.33333333333333,51.77777777777778,[149.24999999999997, 157.08444444444424, 164.19444444444443, 177.3125, 178.11111111111111, 183.02777777777777, 187.94444444444443, 187.94444444444443, 196.02777777777774, 197.02777777777774, 197.27777777777774, 198.27777777777774, 198.27777777777774, 203.52777777777774, 203.52777777777774, 203.52777777777774, 204.25, 204.25, 204.25, 204.41666666666669, 204.75000000000003, 204.75000000000003, 205.08333333333337, 205.25000000000003, 205.25000000000003, 205.25000000000003, 205.58333333333337, 205.58333333333337, 205.58333333333337, 205.58333333333337, 205.58333333333337, 205.58333333333337, 205.58333333333337, 205.58333333333337, 205.58333333333337, 205.58333333333337, 205.58333333333337, 205.58333333333337, 205.58333333333337, 205.58333333333337, 205.58333333333337, 205.58333333333337, 205.58333333333337, 205.58333333333337, 205.58333333333337, 205.58333333333337, 205.58333333333337, 205.58333333333337, 205.58333333333337, 205.58333333333337, 205.58333333333337, 205.58333333333337, 205.58333333333337, 205.58333333333337, 205.58333333333337, 205.58333333333337, 205.58333333333337, 205.58333333333337, 205.58333333333337, 205.58333333333337, 205.58333333333337, 205.58333333333337, 205.58333333333337, 205.58333333333337, 205.58333333333337, 205.58333333333337, 205.58333333333337, 205.58333333333337, 205.58333333333337, 205.58333333333337, 205.58333333333337, 205.58333333333337, 205.58333333333337, 205.58333333333337, 205.58333333333337, 205.58333333333337, 205.58333333333337, 205.58333333333337, 205.58333333333337, 205.58333333333337, 205.58333333333337, 205.58333333333337, 205.58333333333337, 205.58333333333337, 205.58333333333337, 205.58333333333337, 205.58333333333337, 205.58333333333337, 205.58333333333337, 205.58333333333337, 205.58333333333337, 205.58333333333337, 205.58333333333337, 205.58333333333337, 205.58333333333337, 205.58333333333337, 205.58333333333337, 205.58333333333337, 205.58333333333337, 205.58333333333337]
Death Receptor Signaling,28,1,127.08333333333333,224.0,[5, 7, 9, 30, 34, 49, 54, 55, 59, 61, 63, 67, 68, 70, 74, 81, 85, 86, 88, 89, 91, 103, 107, 117, 119, 124, 130, 135, 139, 140, 142, 145, 146, 149, 158, 160, 163, 165, 169, 170, 181, 187, 192, 205, 207, 209, 237, 238, 242, 245, 251, 256, 271, 272, 274, 276],26.75,56.0,[136.22222222222234, 149.94444444444446, 154.94444444444446, 158.44444444444446, 160.19444444444446, 162.52777777777777, 163.94444444444446, 166.02777777777777, 167.52777777777777, 167.52777777777777, 168.86111111111111, 169.44444444444446, 170.44444444444446, 170.6388888888889, 172.6111111111111, 172.6111111111111, 174.1111111111111, 174.44444444444446, 174.94444444444446, 191.38194444444443, 191.38194444444443, 198.02083333333331, 208.14583333333334, 208.14583333333334, 209.89583333333334, 209.89583333333334, 219.0, 219.0, 219.58333333333334, 219.91666666666666, 222.41666666666666, 222.41666666666666, 223.5, 223.5, 223.5, 223.5, 223.5, 223.5, 223.5, 223.5, 223.5, 223.5, 223.5, 223.5, 223.5, 223.5, 223.5, 223.5, 224.0]
